-- One creature_template entry per profession (900213-900226) - each a
-- standalone trainer teaching that profession's full 0/1-to-max skill
-- chain. Sliced from the same aggregated-from-every-real-trainer data this
-- module's original single all-professions NPC (entry 900200, since
-- retired - see premium_menu_item.lua and profession_trainer.lua for the
-- per-profession picker that replaced it) used to use in full -
-- deduplicated by spell, ordered low-to-high skill rank within each
-- profession. Values (cost/req level/req skill) copied verbatim from
-- whichever real trainer(s) already teach each spell.
--
-- Earlier draft of this redesign tried summoning a real, existing "Grand
-- Master" trainer creature directly instead (no new SQL at all, same
-- ENTRIES-style pattern Class Trainer uses) - reverted. This server runs
-- mod-individual-progression (confirmed enabled in
-- individualProgression.conf), and several real "Grand Master" trainers'
-- own trainer_spell rows in this server's acore_world turned out to
-- already span the *entire* skill range (e.g. Grand Master Blacksmithing,
-- TrainerId 59, teaches from ReqSkillRank 1) - which contradicts Wowhead's
-- retail WotLK reference data for the same NPC (Journeyman/50+ only) and
-- couldn't be conclusively explained (mod-individual-progression's own
-- professions.sql references TrainerId 59 in a comment but doesn't appear
-- to edit it; no runtime/per-phase trainer_spell rewriting exists in that
-- module's C++ source either, so whatever's live is at least static, but
-- its origin is unverifiable from SQL alone). Rather than build 14
-- creature_template entries on real data of uncertain provenance, all 14
-- use this module's own already-trusted aggregate instead - the data this
-- project has already verified against multiple real trainers and run in
-- production.
--
-- Uses the trainer/trainer_spell/creature_default_trainer schema that
-- ObjectMgr::LoadTrainers() actually reads (confirmed via source) - NOT
-- the older npc_trainer table, which still holds real data but is no
-- longer read by the trainer-loading code in this AzerothCore version.

-- Model/unit_class borrowed from each profession's own real "Grand
-- Master"-named trainer creature (model/displayId only, per this
-- project's hard invariant - none of those rows are ever modified):
-- 900213 Alchemy        <- Lanolis Dewdrop      (entry 26903)
-- 900214 Enchanting     <- Elizabeth Jackson    (entry 26906)
-- 900215 Blacksmithing  <- Kristen Smythe       (entry 26952)
-- 900216 Cooking        <- Brom Brewbaster      (entry 26905)
-- 900217 Engineering    <- Chief Engineer Leveny(entry 25277)
-- 900218 First Aid      <- Sally Tompkins       (entry 26956)
-- 900219 Fishing        <- Byron Welwick        (entry 26909)
-- 900220 Herbalism      <- Fayin Whisperleaf    (entry 26910)
-- 900221 Inscription    <- Mindri Dinkles       (entry 26916)
-- 900222 Jewelcrafting  <- Ounhulo              (entry 26915)
-- 900223 Leatherworking <- Awan Iceborn         (entry 26996)
-- 900224 Mining         <- Grumbol Stoutpick    (entry 26912)
-- 900225 Skinning       <- Frederic Burrhus     (entry 26913)
-- 900226 Tailoring      <- Benjamin Clegg       (entry 26914)
--
-- npcflag 80 = UNIT_NPC_FLAG_TRAINER (16) | UNIT_NPC_FLAG_TRAINER_PROFESSION
-- (64) - no GOSSIP bit. A trainer-only npcflag with no GOSSIP bit opens the
-- trainer window straight away on right-click, no gossip step at all -
-- deliberately avoiding the generic shared gossip_menu_id pool, which
-- bundles in unrelated options (unlearn talents, dual talent
-- specialization) for any UNIT_NPC_FLAG_TRAINER creature using that
-- default.
--
-- unit_flags 770 = UNIT_FLAG_NON_ATTACKABLE (0x2) | UNIT_FLAG_IMMUNE_TO_PC
-- (0x100) | UNIT_FLAG_IMMUNE_TO_NPC (0x200): each of these follows the
-- player through potentially hostile areas and needs the fuller set -
-- without it, a following summon gets pulled into combat by nearby
-- hostile creatures and abandons the player to run back to its spawn
-- point.
DELETE FROM `creature_template` WHERE `entry` BETWEEN 900213 AND 900226;
INSERT INTO `creature_template` (`entry`, `name`, `subname`, `minlevel`, `maxlevel`, `faction`, `npcflag`, `unit_class`, `unit_flags`, `RegenHealth`) VALUES
(900213, 'Alchemy Trainer', 'Premium', 80, 80, 12, 80, 1, 770, 1),
(900214, 'Enchanting Trainer', 'Premium', 80, 80, 12, 80, 1, 770, 1),
(900215, 'Blacksmithing Trainer', 'Premium', 80, 80, 12, 80, 1, 770, 1),
(900216, 'Cooking Trainer', 'Premium', 80, 80, 12, 80, 1, 770, 1),
(900217, 'Engineering Trainer', 'Premium', 80, 80, 12, 80, 1, 770, 1),
(900218, 'First Aid Trainer', 'Premium', 80, 80, 12, 80, 1, 770, 1),
(900219, 'Fishing Trainer', 'Premium', 80, 80, 12, 80, 1, 770, 1),
(900220, 'Herbalism Trainer', 'Premium', 80, 80, 12, 80, 1, 770, 1),
(900221, 'Inscription Trainer', 'Premium', 80, 80, 12, 80, 1, 770, 1),
(900222, 'Jewelcrafting Trainer', 'Premium', 80, 80, 12, 80, 1, 770, 1),
(900223, 'Leatherworking Trainer', 'Premium', 80, 80, 12, 80, 1, 770, 1),
(900224, 'Mining Trainer', 'Premium', 80, 80, 12, 80, 1, 770, 1),
(900225, 'Skinning Trainer', 'Premium', 80, 80, 12, 80, 1, 770, 1),
(900226, 'Tailoring Trainer', 'Premium', 80, 80, 12, 80, 1, 770, 1);

DELETE FROM `creature_template_model` WHERE `CreatureID` BETWEEN 900213 AND 900226;
INSERT INTO `creature_template_model` (`CreatureID`, `Idx`, `CreatureDisplayID`, `DisplayScale`, `Probability`) VALUES
(900213, 0, 24161, 1, 1),
(900214, 0, 24160, 1, 1),
(900215, 0, 24199, 1, 1),
(900216, 0, 24158, 1, 1),
(900217, 0, 23045, 1, 1),
(900218, 0, 24203, 1, 1),
(900219, 0, 24157, 1, 1),
(900220, 0, 24150, 1, 1),
(900221, 0, 24159, 1, 1),
(900222, 0, 24147, 1, 1),
(900223, 0, 26658, 1, 1),
(900224, 0, 24148, 1, 1),
(900225, 0, 24153, 1, 1),
(900226, 0, 24154, 1, 1);

DELETE FROM `creature_default_trainer` WHERE `CreatureId` BETWEEN 900213 AND 900226;
DELETE FROM `trainer_spell` WHERE `TrainerId` BETWEEN 900213 AND 900226;
DELETE FROM `trainer` WHERE `Id` BETWEEN 900213 AND 900226;

-- Type 2 = Tradeskill (see Trainer::Type in Trainer.h)
INSERT INTO `trainer` (`Id`, `Type`, `Requirement`, `Greeting`) VALUES
(900213, 2, 0, 'I can teach you everything I know about Alchemy.'),
(900214, 2, 0, 'I can teach you everything I know about Enchanting.'),
(900215, 2, 0, 'I can teach you everything I know about Blacksmithing.'),
(900216, 2, 0, 'I can teach you everything I know about Cooking.'),
(900217, 2, 0, 'I can teach you everything I know about Engineering.'),
(900218, 2, 0, 'I can teach you everything I know about First Aid.'),
(900219, 2, 0, 'I can teach you everything I know about Fishing.'),
(900220, 2, 0, 'I can teach you everything I know about Herbalism.'),
(900221, 2, 0, 'I can teach you everything I know about Inscription.'),
(900222, 2, 0, 'I can teach you everything I know about Jewelcrafting.'),
(900223, 2, 0, 'I can teach you everything I know about Leatherworking.'),
(900224, 2, 0, 'I can teach you everything I know about Mining.'),
(900225, 2, 0, 'I can teach you everything I know about Skinning.'),
(900226, 2, 0, 'I can teach you everything I know about Tailoring.');

INSERT INTO `creature_default_trainer` (`CreatureId`, `TrainerId`) VALUES
(900213, 900213),
(900214, 900214),
(900215, 900215),
(900216, 900216),
(900217, 900217),
(900218, 900218),
(900219, 900219),
(900220, 900220),
(900221, 900221),
(900222, 900222),
(900223, 900223),
(900224, 900224),
(900225, 900225),
(900226, 900226);

INSERT INTO `trainer_spell` (`TrainerId`, `SpellId`, `MoneyCost`, `ReqSkillLine`, `ReqSkillRank`, `ReqAbility1`, `ReqAbility2`, `ReqAbility3`, `ReqLevel`) VALUES
(900213, 2275, 10, 0, 0, 0, 0, 0, 5),
(900213, 3170, 50, 171, 15, 0, 0, 0, 0),
(900213, 2331, 100, 171, 25, 0, 0, 0, 0),
(900213, 2332, 150, 171, 40, 0, 0, 0, 0),
(900213, 2334, 250, 171, 50, 0, 0, 0, 0),
(900213, 53042, 10000, 171, 50, 0, 0, 0, 0),
(900213, 2280, 500, 171, 50, 0, 0, 0, 10),
(900213, 2337, 1000, 171, 55, 0, 0, 0, 0),
(900213, 7836, 250, 171, 80, 0, 0, 0, 0),
(900213, 3171, 500, 171, 90, 0, 0, 0, 0),
(900213, 7179, 450, 171, 90, 0, 0, 0, 0),
(900213, 7841, 1000, 171, 100, 0, 0, 0, 0),
(900213, 3447, 4000, 171, 110, 0, 0, 0, 0),
(900213, 3173, 1500, 171, 120, 0, 0, 0, 0),
(900213, 3176, 1500, 171, 125, 0, 0, 0, 0),
(900213, 3465, 5000, 171, 125, 0, 0, 0, 20),
(900213, 3177, 2000, 171, 130, 0, 0, 0, 0),
(900213, 7837, 1000, 171, 130, 0, 0, 0, 0),
(900213, 63732, 2000, 171, 135, 0, 0, 0, 0),
(900213, 7845, 3000, 171, 140, 0, 0, 0, 0),
(900213, 7181, 5000, 171, 155, 0, 0, 0, 0),
(900213, 3452, 5000, 171, 160, 0, 0, 0, 0),
(900213, 3448, 5000, 171, 165, 0, 0, 0, 0),
(900213, 3450, 6000, 171, 175, 0, 0, 0, 0),
(900213, 11449, 6500, 171, 185, 0, 0, 0, 0),
(900213, 11450, 7500, 171, 195, 0, 0, 0, 0),
(900213, 11612, 50000, 171, 200, 0, 0, 0, 35),
(900213, 12609, 8000, 171, 200, 0, 0, 0, 0),
(900213, 11448, 9000, 171, 205, 0, 0, 0, 0),
(900213, 11451, 8000, 171, 205, 0, 0, 0, 0),
(900213, 11457, 10000, 171, 215, 0, 0, 0, 0),
(900213, 22808, 10000, 171, 215, 0, 0, 0, 0),
(900213, 11460, 5000, 171, 230, 0, 0, 0, 0),
(900213, 15833, 10000, 171, 230, 0, 0, 0, 0),
(900213, 11461, 10000, 171, 235, 0, 0, 0, 0),
(900213, 11465, 12000, 171, 235, 0, 0, 0, 0),
(900213, 11467, 12000, 171, 240, 0, 0, 0, 0),
(900213, 11478, 14000, 171, 250, 0, 0, 0, 0),
(900213, 17551, 15000, 171, 250, 0, 0, 0, 0),
(900213, 17552, 15000, 171, 255, 0, 0, 0, 0),
(900213, 17553, 15000, 171, 260, 0, 0, 0, 0),
(900213, 17555, 15000, 171, 270, 0, 0, 0, 0),
(900213, 28597, 100000, 171, 275, 0, 0, 0, 50),
(900213, 17556, 20000, 171, 275, 0, 0, 0, 0),
(900213, 17557, 20000, 171, 275, 0, 0, 0, 0),
(900213, 17572, 20000, 171, 285, 0, 0, 0, 0),
(900213, 17573, 20000, 171, 285, 0, 0, 0, 0),
(900213, 33732, 20000, 171, 300, 0, 0, 0, 0),
(900213, 33738, 20000, 171, 300, 0, 0, 0, 0),
(900213, 33740, 20000, 171, 300, 0, 0, 0, 0),
(900213, 28544, 25000, 171, 305, 0, 0, 0, 0),
(900213, 28545, 25000, 171, 310, 0, 0, 0, 0),
(900213, 33733, 25000, 171, 310, 0, 0, 0, 0),
(900213, 39636, 25000, 171, 310, 0, 0, 0, 0),
(900213, 33741, 30000, 171, 315, 0, 0, 0, 0),
(900213, 39638, 30000, 171, 320, 0, 0, 0, 0),
(900213, 28551, 50000, 171, 325, 0, 0, 0, 0),
(900213, 38070, 20000, 171, 325, 0, 0, 0, 0),
(900213, 45061, 30000, 171, 325, 0, 0, 0, 0),
(900213, 51303, 350000, 171, 350, 0, 0, 0, 65),
(900213, 53838, 40000, 171, 350, 0, 0, 0, 0),
(900213, 53841, 40000, 171, 355, 0, 0, 0, 0),
(900213, 53839, 40000, 171, 360, 0, 0, 0, 0),
(900213, 53842, 40000, 171, 365, 0, 0, 0, 0),
(900213, 53812, 60000, 171, 375, 0, 0, 0, 0),
(900213, 53848, 60000, 171, 375, 0, 0, 0, 0),
(900213, 53899, 60000, 171, 375, 0, 0, 0, 0),
(900213, 62409, 60000, 171, 375, 0, 0, 0, 0),
(900213, 53900, 120000, 171, 380, 0, 0, 0, 0),
(900213, 53847, 65000, 171, 385, 0, 0, 0, 0),
(900213, 54218, 120000, 171, 385, 0, 0, 0, 0),
(900213, 62213, 120000, 171, 385, 0, 0, 0, 0),
(900213, 53898, 120000, 171, 390, 0, 0, 0, 0),
(900213, 53840, 120000, 171, 395, 0, 0, 0, 0),
(900213, 53905, 120000, 171, 395, 0, 0, 0, 0),
(900213, 60350, 150000, 171, 395, 0, 0, 0, 0),
(900213, 60367, 120000, 171, 395, 0, 0, 0, 0),
(900213, 60396, 200000, 171, 400, 0, 0, 0, 0),
(900213, 60403, 200000, 171, 400, 0, 0, 0, 0),
(900213, 60405, 200000, 171, 400, 0, 0, 0, 0),
(900213, 60893, 200000, 171, 400, 0, 0, 0, 0),
(900213, 53836, 150000, 171, 405, 0, 0, 0, 0),
(900213, 53837, 150000, 171, 410, 0, 0, 0, 0),
(900213, 58868, 150000, 171, 410, 0, 0, 0, 0),
(900213, 58871, 150000, 171, 410, 0, 0, 0, 0),
(900213, 57427, 150000, 171, 425, 0, 0, 0, 0),
(900213, 67025, 100000, 171, 425, 0, 0, 0, 0),
(900213, 57425, 150000, 171, 430, 0, 0, 0, 0),
(900213, 53901, 180000, 171, 435, 0, 0, 0, 0),
(900213, 53902, 150000, 171, 435, 0, 0, 0, 0),
(900213, 53903, 180000, 171, 435, 0, 0, 0, 0),
(900213, 54213, 150000, 171, 435, 0, 0, 0, 0),
(900213, 66658, 150000, 171, 450, 0, 0, 0, 0),
(900213, 66660, 150000, 171, 450, 0, 0, 0, 0),
(900213, 66662, 150000, 171, 450, 0, 0, 0, 0),
(900213, 66663, 150000, 171, 450, 0, 0, 0, 0),
(900213, 66664, 150000, 171, 450, 0, 0, 0, 0),
(900214, 7414, 10, 0, 0, 0, 0, 0, 5),
(900214, 14293, 50, 333, 10, 0, 0, 0, 0),
(900214, 7420, 50, 333, 15, 0, 0, 0, 0),
(900214, 7426, 100, 333, 40, 0, 0, 0, 0),
(900214, 7454, 100, 333, 45, 0, 0, 0, 0),
(900214, 7415, 500, 333, 50, 0, 0, 0, 10),
(900214, 7457, 250, 333, 50, 0, 0, 0, 0),
(900214, 7748, 250, 333, 60, 0, 0, 0, 0),
(900214, 7771, 200, 333, 70, 0, 0, 0, 0),
(900214, 14807, 200, 333, 70, 0, 0, 0, 0),
(900214, 7779, 400, 333, 80, 0, 0, 0, 0),
(900214, 7788, 500, 333, 90, 0, 0, 0, 0),
(900214, 7745, 500, 333, 100, 0, 0, 0, 0),
(900214, 7795, 1000, 333, 100, 0, 0, 0, 0),
(900214, 13378, 600, 333, 105, 0, 0, 0, 0),
(900214, 13421, 800, 333, 115, 0, 0, 0, 0),
(900214, 7857, 1000, 333, 120, 0, 0, 0, 0),
(900214, 7416, 5000, 333, 125, 0, 0, 0, 20),
(900214, 7861, 1250, 333, 125, 0, 0, 0, 0),
(900214, 7863, 1400, 333, 125, 0, 0, 0, 0),
(900214, 13485, 1500, 333, 130, 0, 0, 0, 0),
(900214, 13501, 1500, 333, 130, 0, 0, 0, 0),
(900214, 13503, 2000, 333, 140, 0, 0, 0, 0),
(900214, 13538, 2500, 333, 140, 0, 0, 0, 0),
(900214, 13529, 2400, 333, 145, 0, 0, 0, 0),
(900214, 13607, 2400, 333, 145, 0, 0, 0, 0),
(900214, 13622, 2500, 333, 150, 0, 0, 0, 0),
(900214, 13626, 2500, 333, 150, 0, 0, 0, 0),
(900214, 13628, 2500, 333, 150, 0, 0, 0, 0),
(900214, 13631, 2600, 333, 155, 0, 0, 0, 0),
(900214, 13635, 2600, 333, 155, 0, 0, 0, 0),
(900214, 14809, 2600, 333, 155, 0, 0, 0, 0),
(900214, 13637, 2800, 333, 160, 0, 0, 0, 0),
(900214, 13640, 2700, 333, 160, 0, 0, 0, 0),
(900214, 13642, 2800, 333, 165, 0, 0, 0, 0),
(900214, 13644, 2800, 333, 170, 0, 0, 0, 0),
(900214, 13648, 2800, 333, 170, 0, 0, 0, 0),
(900214, 13657, 3000, 333, 175, 0, 0, 0, 0),
(900214, 14810, 3000, 333, 175, 0, 0, 0, 0),
(900214, 13659, 3200, 333, 180, 0, 0, 0, 0),
(900214, 13661, 3600, 333, 180, 0, 0, 0, 0),
(900214, 13663, 3800, 333, 185, 0, 0, 0, 0),
(900214, 13693, 4000, 333, 195, 0, 0, 0, 0),
(900214, 13695, 4000, 333, 200, 0, 0, 0, 0),
(900214, 13700, 4000, 333, 200, 0, 0, 0, 0),
(900214, 13702, 4000, 333, 200, 0, 0, 0, 0),
(900214, 13921, 50000, 333, 200, 0, 0, 0, 35),
(900214, 13746, 4200, 333, 205, 0, 0, 0, 0),
(900214, 13794, 4200, 333, 205, 0, 0, 0, 0),
(900214, 13815, 4400, 333, 210, 0, 0, 0, 0),
(900214, 13822, 4400, 333, 210, 0, 0, 0, 0),
(900214, 13836, 4600, 333, 215, 0, 0, 0, 0),
(900214, 13858, 4800, 333, 220, 0, 0, 0, 0),
(900214, 13887, 5000, 333, 225, 0, 0, 0, 0),
(900214, 13890, 5000, 333, 225, 0, 0, 0, 0),
(900214, 63746, 5000, 333, 225, 0, 0, 0, 0),
(900214, 13905, 5400, 333, 230, 0, 0, 0, 0),
(900214, 13917, 5400, 333, 230, 0, 0, 0, 0),
(900214, 13935, 5800, 333, 235, 0, 0, 0, 0),
(900214, 13937, 6200, 333, 240, 0, 0, 0, 0),
(900214, 13939, 6200, 333, 240, 0, 0, 0, 0),
(900214, 13941, 6200, 333, 245, 0, 0, 0, 0),
(900214, 13943, 6200, 333, 245, 0, 0, 0, 0),
(900214, 13948, 6500, 333, 250, 0, 0, 0, 0),
(900214, 17180, 10000, 333, 250, 0, 0, 0, 0),
(900214, 17181, 10000, 333, 250, 0, 0, 0, 0),
(900214, 20008, 10000, 333, 255, 0, 0, 0, 0),
(900214, 20014, 10000, 333, 265, 0, 0, 0, 0),
(900214, 20012, 10000, 333, 270, 0, 0, 0, 0),
(900214, 28030, 100000, 333, 275, 0, 0, 0, 50),
(900214, 20016, 15000, 333, 280, 0, 0, 0, 0),
(900214, 20028, 15000, 333, 290, 0, 0, 0, 0),
(900214, 20013, 20000, 333, 295, 0, 0, 0, 0),
(900214, 20023, 20000, 333, 295, 0, 0, 0, 0),
(900214, 32664, 10000, 333, 300, 0, 0, 0, 0),
(900214, 33991, 12500, 333, 300, 0, 0, 0, 0),
(900214, 34002, 15000, 333, 300, 0, 0, 0, 0),
(900214, 42613, 1000, 333, 300, 0, 0, 0, 0),
(900214, 27899, 15000, 333, 305, 0, 0, 0, 0),
(900214, 33993, 15000, 333, 305, 0, 0, 0, 0),
(900214, 34001, 15000, 333, 305, 0, 0, 0, 0),
(900214, 27944, 15000, 333, 310, 0, 0, 0, 0),
(900214, 27961, 15000, 333, 310, 0, 0, 0, 0),
(900214, 33996, 15000, 333, 310, 0, 0, 0, 0),
(900214, 34004, 15000, 333, 310, 0, 0, 0, 0),
(900214, 27905, 15000, 333, 315, 0, 0, 0, 0),
(900214, 27957, 17500, 333, 315, 0, 0, 0, 0),
(900214, 33990, 20000, 333, 320, 0, 0, 0, 0),
(900214, 28027, 40000, 333, 325, 0, 0, 0, 0),
(900214, 44383, 30000, 333, 330, 0, 0, 0, 0),
(900214, 42615, 40000, 333, 335, 0, 0, 0, 0),
(900214, 33995, 25000, 333, 340, 0, 0, 0, 0),
(900214, 28028, 80000, 333, 350, 0, 0, 0, 0),
(900214, 27958, 50000, 333, 350, 0, 0, 0, 60),
(900214, 51312, 350000, 333, 350, 0, 0, 0, 65),
(900214, 60609, 50000, 333, 350, 0, 0, 0, 60),
(900214, 44592, 50000, 333, 360, 0, 0, 0, 60),
(900214, 60616, 50000, 333, 360, 0, 0, 0, 60),
(900214, 44623, 50000, 333, 370, 0, 0, 0, 60),
(900214, 32667, 50000, 333, 375, 0, 0, 0, 35),
(900214, 44506, 50000, 333, 375, 0, 0, 0, 60),
(900214, 44555, 50000, 333, 375, 0, 0, 0, 60),
(900214, 60606, 50000, 333, 375, 0, 0, 0, 60),
(900214, 60621, 80000, 333, 380, 0, 0, 0, 60),
(900214, 44528, 90000, 333, 385, 0, 0, 0, 60),
(900214, 60623, 90000, 333, 385, 0, 0, 0, 60),
(900214, 62959, 90000, 333, 385, 0, 0, 0, 60),
(900214, 44630, 80000, 333, 390, 0, 0, 0, 60),
(900214, 44492, 100000, 333, 395, 0, 0, 0, 60),
(900214, 44500, 100000, 333, 395, 0, 0, 0, 60),
(900214, 44513, 100000, 333, 395, 0, 0, 0, 60),
(900214, 44582, 100000, 333, 395, 0, 0, 0, 60),
(900214, 44629, 100000, 333, 395, 0, 0, 0, 60),
(900214, 44635, 100000, 333, 395, 0, 0, 0, 60),
(900214, 60653, 100000, 333, 395, 0, 0, 0, 60),
(900214, 44616, 100000, 333, 400, 0, 0, 0, 60),
(900214, 44636, 100000, 333, 400, 0, 0, 0, 60),
(900214, 44645, 100000, 333, 400, 0, 0, 0, 60),
(900214, 47766, 100000, 333, 400, 0, 0, 0, 60),
(900214, 59636, 100000, 333, 400, 0, 0, 0, 60),
(900214, 44484, 150000, 333, 405, 0, 0, 0, 60),
(900214, 44584, 150000, 333, 405, 0, 0, 0, 60),
(900214, 44488, 150000, 333, 410, 0, 0, 0, 60),
(900214, 44508, 150000, 333, 410, 0, 0, 0, 60),
(900214, 44510, 150000, 333, 410, 0, 0, 0, 60),
(900214, 44633, 150000, 333, 410, 0, 0, 0, 60),
(900214, 44529, 150000, 333, 415, 0, 0, 0, 60),
(900214, 44589, 150000, 333, 415, 0, 0, 0, 60),
(900214, 44598, 150000, 333, 415, 0, 0, 0, 60),
(900214, 44489, 150000, 333, 420, 0, 0, 0, 60),
(900214, 44509, 150000, 333, 420, 0, 0, 0, 60),
(900214, 44593, 150000, 333, 420, 0, 0, 0, 60),
(900214, 60663, 150000, 333, 420, 0, 0, 0, 60),
(900214, 47900, 150000, 333, 425, 0, 0, 0, 60),
(900214, 60619, 150000, 333, 425, 0, 0, 0, 0),
(900214, 60668, 150000, 333, 425, 0, 0, 0, 60),
(900214, 69412, 150000, 333, 445, 0, 0, 0, 60),
(900215, 2020, 10, 0, 0, 0, 0, 0, 5),
(900215, 2662, 50, 164, 1, 0, 0, 0, 0),
(900215, 2737, 50, 164, 15, 0, 0, 0, 0),
(900215, 2738, 50, 164, 20, 0, 0, 0, 0),
(900215, 3319, 50, 164, 20, 0, 0, 0, 0),
(900215, 2739, 50, 164, 25, 0, 0, 0, 0),
(900215, 3320, 100, 164, 25, 0, 0, 0, 0),
(900215, 8880, 100, 164, 30, 0, 0, 0, 0),
(900215, 9983, 100, 164, 30, 0, 0, 0, 0),
(900215, 2661, 100, 164, 35, 0, 0, 0, 0),
(900215, 3293, 250, 164, 35, 0, 0, 0, 0),
(900215, 3323, 100, 164, 40, 0, 0, 0, 0),
(900215, 3324, 200, 164, 45, 0, 0, 0, 0),
(900215, 2021, 500, 164, 50, 0, 0, 0, 10),
(900215, 2665, 100, 164, 65, 0, 0, 0, 0),
(900215, 3116, 100, 164, 65, 0, 0, 0, 0),
(900215, 7408, 300, 164, 65, 0, 0, 0, 0),
(900215, 2666, 200, 164, 70, 0, 0, 0, 0),
(900215, 3294, 500, 164, 70, 0, 0, 0, 0),
(900215, 3326, 250, 164, 75, 0, 0, 0, 0),
(900215, 2664, 500, 164, 90, 0, 0, 0, 0),
(900215, 3292, 500, 164, 95, 0, 0, 0, 0),
(900215, 7817, 200, 164, 95, 0, 0, 0, 0),
(900215, 7818, 100, 164, 100, 0, 0, 0, 0),
(900215, 19666, 100, 164, 100, 0, 0, 0, 0),
(900215, 34979, 600, 164, 100, 0, 0, 0, 0),
(900215, 2668, 300, 164, 105, 0, 0, 0, 0),
(900215, 2670, 500, 164, 105, 0, 0, 0, 0),
(900215, 3491, 600, 164, 105, 0, 0, 0, 0),
(900215, 2740, 200, 164, 110, 0, 0, 0, 0),
(900215, 3328, 500, 164, 110, 0, 0, 0, 0),
(900215, 6517, 800, 164, 110, 0, 0, 0, 0),
(900215, 2741, 200, 164, 115, 0, 0, 0, 0),
(900215, 2672, 500, 164, 120, 0, 0, 0, 0),
(900215, 2742, 200, 164, 120, 0, 0, 0, 0),
(900215, 2674, 1000, 164, 125, 0, 0, 0, 0),
(900215, 3117, 1000, 164, 125, 0, 0, 0, 0),
(900215, 3337, 1000, 164, 125, 0, 0, 0, 0),
(900215, 3539, 5000, 164, 125, 0, 0, 0, 20),
(900215, 9985, 250, 164, 125, 0, 0, 0, 0),
(900215, 3296, 1000, 164, 130, 0, 0, 0, 0),
(900215, 3331, 500, 164, 130, 0, 0, 0, 0),
(900215, 9986, 500, 164, 130, 0, 0, 0, 0),
(900215, 3333, 1000, 164, 135, 0, 0, 0, 0),
(900215, 9987, 500, 164, 135, 0, 0, 0, 0),
(900215, 2675, 1000, 164, 145, 0, 0, 0, 0),
(900215, 8768, 250, 164, 150, 0, 0, 0, 0),
(900215, 14379, 250, 164, 150, 0, 0, 0, 0),
(900215, 19667, 250, 164, 150, 0, 0, 0, 0),
(900215, 3506, 5000, 164, 155, 0, 0, 0, 0),
(900215, 3501, 1000, 164, 165, 0, 0, 0, 0),
(900215, 3502, 1250, 164, 170, 0, 0, 0, 0),
(900215, 3508, 7500, 164, 180, 0, 0, 0, 0),
(900215, 15972, 7500, 164, 180, 0, 0, 0, 0),
(900215, 7223, 1000, 164, 185, 0, 0, 0, 0),
(900215, 9786, 50000, 164, 200, 0, 0, 0, 35),
(900215, 9916, 2500, 164, 200, 0, 0, 0, 0),
(900215, 9918, 2500, 164, 200, 0, 0, 0, 0),
(900215, 9920, 2500, 164, 200, 0, 0, 0, 0),
(900215, 9921, 2500, 164, 200, 0, 0, 0, 0),
(900215, 14380, 2500, 164, 200, 0, 0, 0, 0),
(900215, 19668, 2500, 164, 200, 0, 0, 0, 0),
(900215, 34981, 7500, 164, 200, 0, 0, 0, 0),
(900215, 9926, 5000, 164, 205, 0, 0, 0, 0),
(900215, 9928, 5000, 164, 205, 0, 0, 0, 0),
(900215, 9931, 5000, 164, 210, 0, 0, 0, 0),
(900215, 9993, 10000, 164, 210, 0, 0, 0, 0),
(900215, 9935, 5000, 164, 215, 0, 0, 0, 0),
(900215, 9959, 15000, 164, 230, 0, 0, 0, 0),
(900215, 9961, 15000, 164, 230, 0, 0, 0, 0),
(900215, 10001, 15000, 164, 230, 0, 0, 0, 0),
(900215, 9968, 20000, 164, 235, 0, 0, 0, 0),
(900215, 16639, 10000, 164, 250, 0, 0, 0, 0),
(900215, 16640, 10000, 164, 250, 0, 0, 0, 0),
(900215, 16641, 10000, 164, 250, 0, 0, 0, 0),
(900215, 16642, 10000, 164, 250, 0, 0, 0, 0),
(900215, 16643, 10000, 164, 250, 0, 0, 0, 0),
(900215, 16644, 10000, 164, 255, 0, 0, 0, 0),
(900215, 29845, 100000, 164, 275, 0, 0, 0, 50),
(900215, 16969, 15000, 164, 275, 0, 0, 0, 0),
(900215, 19669, 10000, 164, 275, 0, 0, 0, 0),
(900215, 20201, 10000, 164, 275, 0, 0, 0, 0),
(900215, 16652, 10000, 164, 280, 0, 0, 0, 0),
(900215, 16653, 10000, 164, 280, 0, 0, 0, 0),
(900215, 16971, 15000, 164, 280, 0, 0, 0, 0),
(900215, 29545, 15000, 164, 300, 0, 0, 0, 0),
(900215, 29551, 15000, 164, 300, 0, 0, 0, 0),
(900215, 29654, 15000, 164, 300, 0, 0, 0, 0),
(900215, 32655, 10000, 164, 300, 0, 0, 0, 0),
(900215, 34607, 15000, 164, 300, 0, 0, 0, 0),
(900215, 16662, 12000, 164, 300, 0, 0, 0, 0),
(900215, 34982, 10000, 164, 300, 0, 0, 0, 0),
(900215, 29547, 15000, 164, 305, 0, 0, 0, 0),
(900215, 29552, 18000, 164, 310, 0, 0, 0, 0),
(900215, 29557, 18000, 164, 310, 0, 0, 0, 0),
(900215, 29548, 20000, 164, 315, 0, 0, 0, 0),
(900215, 29549, 20000, 164, 315, 0, 0, 0, 0),
(900215, 29553, 20000, 164, 315, 0, 0, 0, 0),
(900215, 29558, 20000, 164, 315, 0, 0, 0, 0),
(900215, 29556, 22000, 164, 320, 0, 0, 0, 0),
(900215, 29565, 22000, 164, 320, 0, 0, 0, 0),
(900215, 29550, 25000, 164, 325, 0, 0, 0, 0),
(900215, 32284, 25000, 164, 325, 0, 0, 0, 0),
(900215, 34983, 50000, 164, 350, 0, 0, 0, 0),
(900215, 51298, 350000, 164, 350, 0, 0, 0, 65),
(900215, 52568, 30000, 164, 350, 0, 0, 0, 0),
(900215, 52569, 30000, 164, 350, 0, 0, 0, 0),
(900215, 59405, 30000, 164, 350, 0, 0, 0, 0),
(900215, 52572, 30000, 164, 360, 0, 0, 0, 0),
(900215, 54550, 30000, 164, 360, 0, 0, 0, 0),
(900215, 55834, 30000, 164, 360, 0, 0, 0, 0),
(900215, 52567, 30000, 164, 370, 0, 0, 0, 0),
(900215, 52571, 30000, 164, 370, 0, 0, 0, 0),
(900215, 55835, 30000, 164, 370, 0, 0, 0, 0),
(900215, 52570, 30000, 164, 375, 0, 0, 0, 0),
(900215, 54917, 30000, 164, 375, 0, 0, 0, 0),
(900215, 54918, 30000, 164, 380, 0, 0, 0, 0),
(900215, 55200, 35000, 164, 380, 0, 0, 0, 0),
(900215, 55201, 35000, 164, 380, 0, 0, 0, 0),
(900215, 54941, 30000, 164, 385, 0, 0, 0, 0),
(900215, 54944, 30000, 164, 385, 0, 0, 0, 0),
(900215, 55202, 35000, 164, 385, 0, 0, 0, 0),
(900215, 55203, 35000, 164, 385, 0, 0, 0, 0),
(900215, 54557, 40000, 164, 390, 0, 0, 0, 0),
(900215, 54945, 35000, 164, 390, 0, 0, 0, 0),
(900215, 55013, 40000, 164, 390, 0, 0, 0, 0),
(900215, 55174, 50000, 164, 390, 0, 0, 0, 0),
(900215, 55204, 35000, 164, 390, 0, 0, 0, 0),
(900215, 54551, 40000, 164, 395, 0, 0, 0, 0),
(900215, 54554, 40000, 164, 395, 0, 0, 0, 0),
(900215, 54946, 30000, 164, 395, 0, 0, 0, 0),
(900215, 54947, 35000, 164, 395, 0, 0, 0, 0),
(900215, 55055, 40000, 164, 395, 0, 0, 0, 0),
(900215, 55177, 50000, 164, 395, 0, 0, 0, 0),
(900215, 59436, 40000, 164, 395, 0, 0, 0, 0),
(900215, 54552, 40000, 164, 400, 0, 0, 0, 0),
(900215, 54553, 40000, 164, 400, 0, 0, 0, 0),
(900215, 54948, 30000, 164, 400, 0, 0, 0, 0),
(900215, 54949, 30000, 164, 400, 0, 0, 0, 0),
(900215, 55056, 40000, 164, 400, 0, 0, 0, 0),
(900215, 55179, 50000, 164, 400, 0, 0, 0, 0),
(900215, 55628, 45000, 164, 400, 0, 0, 0, 0),
(900215, 55641, 45000, 164, 400, 0, 0, 0, 0),
(900215, 59438, 40000, 164, 400, 0, 0, 0, 0),
(900215, 54555, 40000, 164, 405, 0, 0, 0, 0),
(900215, 54556, 40000, 164, 405, 0, 0, 0, 0),
(900215, 55057, 40000, 164, 405, 0, 0, 0, 0),
(900215, 55181, 50000, 164, 405, 0, 0, 0, 0),
(900215, 55206, 40000, 164, 405, 0, 0, 0, 0),
(900215, 59440, 40000, 164, 405, 0, 0, 0, 0),
(900215, 55014, 35000, 164, 410, 0, 0, 0, 0),
(900215, 55017, 40000, 164, 410, 0, 0, 0, 0),
(900215, 55182, 40000, 164, 410, 0, 0, 0, 0),
(900215, 56280, 40000, 164, 410, 0, 0, 0, 0),
(900215, 59442, 40000, 164, 410, 0, 0, 0, 0),
(900215, 55015, 40000, 164, 415, 0, 0, 0, 0),
(900215, 55058, 45000, 164, 415, 0, 0, 0, 0),
(900215, 55656, 50000, 164, 415, 0, 0, 0, 0),
(900215, 59441, 45000, 164, 415, 0, 0, 0, 0),
(900215, 55298, 45000, 164, 420, 0, 0, 0, 0),
(900215, 55300, 45000, 164, 420, 0, 0, 0, 0),
(900215, 55301, 45000, 164, 420, 0, 0, 0, 0),
(900215, 55305, 45000, 164, 420, 0, 0, 0, 0),
(900215, 55306, 45000, 164, 420, 0, 0, 0, 0),
(900215, 55307, 45000, 164, 420, 0, 0, 0, 0),
(900215, 55308, 45000, 164, 420, 0, 0, 0, 0),
(900215, 55309, 45000, 164, 420, 0, 0, 0, 0),
(900215, 55732, 42000, 164, 420, 0, 0, 0, 0),
(900215, 55839, 42000, 164, 420, 0, 0, 0, 0),
(900215, 56357, 42000, 164, 420, 0, 0, 0, 0),
(900215, 56549, 45000, 164, 420, 0, 0, 0, 0),
(900215, 56550, 45000, 164, 420, 0, 0, 0, 0),
(900215, 56551, 45000, 164, 420, 0, 0, 0, 0),
(900215, 56552, 45000, 164, 420, 0, 0, 0, 0),
(900215, 56553, 45000, 164, 420, 0, 0, 0, 0),
(900215, 61009, 120000, 164, 420, 0, 0, 0, 0),
(900215, 61010, 120000, 164, 420, 0, 0, 0, 0),
(900215, 55302, 45000, 164, 425, 0, 0, 0, 0),
(900215, 55303, 45000, 164, 425, 0, 0, 0, 0),
(900215, 55304, 45000, 164, 425, 0, 0, 0, 0),
(900215, 55310, 45000, 164, 425, 0, 0, 0, 0),
(900215, 55311, 45000, 164, 425, 0, 0, 0, 0),
(900215, 55312, 45000, 164, 425, 0, 0, 0, 0),
(900215, 56554, 45000, 164, 425, 0, 0, 0, 0),
(900215, 56555, 45000, 164, 425, 0, 0, 0, 0),
(900215, 56556, 45000, 164, 425, 0, 0, 0, 0),
(900215, 61008, 120000, 164, 425, 0, 0, 0, 0),
(900215, 59406, 45000, 164, 430, 0, 0, 0, 0),
(900215, 55369, 180000, 164, 440, 0, 0, 0, 0),
(900215, 55370, 150000, 164, 440, 0, 0, 0, 0),
(900215, 55371, 150000, 164, 440, 0, 0, 0, 0),
(900215, 55372, 120000, 164, 440, 0, 0, 0, 0),
(900215, 55373, 120000, 164, 440, 0, 0, 0, 0),
(900215, 55374, 120000, 164, 440, 0, 0, 0, 0),
(900215, 55375, 120000, 164, 440, 0, 0, 0, 0),
(900215, 55376, 120000, 164, 440, 0, 0, 0, 0),
(900215, 55377, 120000, 164, 440, 0, 0, 0, 0),
(900215, 56234, 150000, 164, 440, 0, 0, 0, 0),
(900215, 56400, 150000, 164, 440, 0, 0, 0, 0),
(900215, 63182, 150000, 164, 440, 0, 0, 0, 0),
(900216, 2551, 100, 0, 0, 0, 0, 0, 5),
(900216, 37836, 10, 185, 1, 0, 0, 0, 0),
(900216, 2539, 50, 185, 10, 0, 0, 0, 0),
(900216, 2541, 100, 185, 50, 0, 0, 0, 0),
(900216, 3412, 500, 185, 50, 0, 0, 0, 10),
(900216, 6499, 100, 185, 50, 0, 0, 0, 0),
(900216, 2544, 200, 185, 75, 0, 0, 0, 0),
(900216, 2546, 150, 185, 80, 0, 0, 0, 0),
(900216, 6500, 300, 185, 125, 0, 0, 0, 0),
(900216, 54257, 1000, 185, 125, 0, 0, 0, 20),
(900216, 18261, 25000, 185, 200, 0, 0, 0, 35),
(900216, 21175, 4000, 185, 200, 0, 0, 0, 0),
(900216, 54256, 100000, 185, 275, 0, 0, 0, 50),
(900216, 45549, 20000, 185, 350, 0, 0, 0, 0),
(900216, 45550, 20000, 185, 350, 0, 0, 0, 0),
(900216, 45551, 20000, 185, 350, 0, 0, 0, 0),
(900216, 45552, 20000, 185, 350, 0, 0, 0, 0),
(900216, 45553, 20000, 185, 350, 0, 0, 0, 0),
(900216, 45560, 10000, 185, 350, 0, 0, 0, 0),
(900216, 45561, 10000, 185, 350, 0, 0, 0, 0),
(900216, 45562, 10000, 185, 350, 0, 0, 0, 0),
(900216, 45563, 20000, 185, 350, 0, 0, 0, 0),
(900216, 45564, 20000, 185, 350, 0, 0, 0, 0),
(900216, 45565, 20000, 185, 350, 0, 0, 0, 0),
(900216, 45566, 20000, 185, 350, 0, 0, 0, 0),
(900216, 45569, 20000, 185, 350, 0, 0, 0, 0),
(900216, 51295, 350000, 185, 350, 0, 0, 0, 65),
(900216, 58065, 20000, 185, 350, 0, 0, 0, 0),
(900216, 45554, 50000, 185, 375, 0, 0, 0, 0),
(900216, 64358, 50000, 185, 400, 0, 0, 0, 0),
(900217, 4039, 10, 0, 0, 0, 0, 0, 5),
(900217, 3922, 115, 202, 30, 0, 0, 0, 0),
(900217, 3923, 130, 202, 30, 0, 0, 0, 0),
(900217, 3924, 150, 202, 50, 0, 0, 0, 0),
(900217, 3925, 150, 202, 50, 0, 0, 0, 0),
(900217, 4040, 500, 202, 50, 0, 0, 0, 10),
(900217, 7430, 150, 202, 50, 0, 0, 0, 0),
(900217, 3977, 200, 202, 60, 0, 0, 0, 0),
(900217, 3926, 225, 202, 65, 0, 0, 0, 0),
(900217, 3929, 250, 202, 75, 0, 0, 0, 0),
(900217, 3930, 250, 202, 75, 0, 0, 0, 0),
(900217, 3931, 250, 202, 75, 0, 0, 0, 0),
(900217, 3932, 300, 202, 85, 0, 0, 0, 0),
(900217, 3973, 300, 202, 90, 0, 0, 0, 0),
(900217, 3934, 400, 202, 100, 0, 0, 0, 0),
(900217, 8334, 300, 202, 100, 0, 0, 0, 0),
(900217, 3936, 420, 202, 105, 0, 0, 0, 0),
(900217, 3937, 450, 202, 105, 0, 0, 0, 0),
(900217, 3938, 450, 202, 105, 0, 0, 0, 0),
(900217, 3978, 475, 202, 110, 0, 0, 0, 0),
(900217, 3941, 500, 202, 120, 0, 0, 0, 0),
(900217, 3942, 500, 202, 125, 0, 0, 0, 0),
(900217, 3945, 500, 202, 125, 0, 0, 0, 0),
(900217, 3946, 500, 202, 125, 0, 0, 0, 0),
(900217, 3947, 300, 202, 125, 0, 0, 0, 0),
(900217, 4041, 5000, 202, 125, 0, 0, 0, 20),
(900217, 3949, 550, 202, 130, 0, 0, 0, 0),
(900217, 6458, 400, 202, 135, 0, 0, 0, 0),
(900217, 3950, 600, 202, 140, 0, 0, 0, 0),
(900217, 3953, 600, 202, 145, 0, 0, 0, 0),
(900217, 3955, 750, 202, 150, 0, 0, 0, 0),
(900217, 3956, 450, 202, 150, 0, 0, 0, 0),
(900217, 9271, 500, 202, 150, 0, 0, 0, 0),
(900217, 12584, 1000, 202, 150, 0, 0, 0, 0),
(900217, 3958, 800, 202, 160, 0, 0, 0, 0),
(900217, 3961, 900, 202, 170, 0, 0, 0, 0),
(900217, 3962, 1000, 202, 175, 0, 0, 0, 0),
(900217, 3963, 1000, 202, 175, 0, 0, 0, 0),
(900217, 12585, 1000, 202, 175, 0, 0, 0, 0),
(900217, 12586, 1000, 202, 175, 0, 0, 0, 0),
(900217, 12590, 1000, 202, 175, 0, 0, 0, 0),
(900217, 3965, 1200, 202, 185, 0, 0, 0, 0),
(900217, 3967, 1400, 202, 190, 0, 0, 0, 0),
(900217, 12589, 1300, 202, 195, 0, 0, 0, 0),
(900217, 12591, 1500, 202, 200, 0, 0, 0, 0),
(900217, 12657, 50000, 202, 200, 0, 0, 0, 35),
(900217, 15255, 1500, 202, 200, 0, 0, 0, 0),
(900217, 12895, 1500, 202, 200, 0, 0, 0, 0),
(900217, 12594, 1600, 202, 205, 0, 0, 0, 0),
(900217, 12595, 1600, 202, 205, 0, 0, 0, 0),
(900217, 12899, 1500, 202, 205, 20219, 0, 0, 0),
(900217, 12715, 1500, 202, 205, 20222, 0, 0, 0),
(900217, 12716, 1500, 202, 205, 20222, 0, 0, 0),
(900217, 12717, 1500, 202, 205, 20222, 0, 0, 0),
(900217, 12718, 1500, 202, 205, 20222, 0, 0, 0),
(900217, 12760, 1500, 202, 205, 20222, 0, 0, 0),
(900217, 13240, 1500, 202, 205, 20222, 0, 0, 0),
(900217, 12596, 1700, 202, 210, 0, 0, 0, 0),
(900217, 12897, 1500, 202, 210, 20219, 0, 0, 0),
(900217, 12902, 1800, 202, 210, 20219, 0, 0, 0),
(900217, 12599, 1800, 202, 215, 0, 0, 0, 0),
(900217, 12603, 1800, 202, 215, 0, 0, 0, 0),
(900217, 12903, 2000, 202, 215, 20219, 0, 0, 0),
(900217, 12615, 2500, 202, 225, 0, 0, 0, 0),
(900217, 12905, 2200, 202, 225, 20219, 0, 0, 0),
(900217, 8895, 2200, 202, 225, 20222, 0, 0, 0),
(900217, 12618, 2200, 202, 230, 0, 0, 0, 0),
(900217, 12906, 2400, 202, 230, 20219, 0, 0, 0),
(900217, 12755, 2400, 202, 230, 20222, 0, 0, 0),
(900217, 12619, 2400, 202, 235, 0, 0, 0, 0),
(900217, 12907, 2600, 202, 235, 20219, 0, 0, 0),
(900217, 12754, 2250, 202, 235, 20222, 0, 0, 0),
(900217, 12759, 2800, 202, 240, 20219, 0, 0, 0),
(900217, 12908, 2800, 202, 240, 20222, 0, 0, 0),
(900217, 12621, 2800, 202, 245, 0, 0, 0, 0),
(900217, 12622, 2800, 202, 245, 0, 0, 0, 0),
(900217, 12758, 2600, 202, 245, 20222, 0, 0, 0),
(900217, 19567, 4000, 202, 250, 0, 0, 0, 0),
(900217, 19788, 4000, 202, 250, 0, 0, 0, 0),
(900217, 23070, 5000, 202, 250, 0, 0, 0, 0),
(900217, 63750, 5000, 202, 250, 0, 0, 0, 0),
(900217, 19790, 10000, 202, 260, 0, 0, 0, 0),
(900217, 19791, 5000, 202, 260, 0, 0, 0, 0),
(900217, 19792, 10000, 202, 260, 0, 0, 0, 0),
(900217, 23071, 5000, 202, 260, 0, 0, 0, 0),
(900217, 19794, 20000, 202, 270, 0, 0, 0, 0),
(900217, 19795, 10000, 202, 275, 0, 0, 0, 0),
(900217, 30351, 100000, 202, 275, 0, 0, 0, 50),
(900217, 19800, 10000, 202, 285, 0, 0, 0, 0),
(900217, 19825, 20000, 202, 290, 0, 0, 0, 0),
(900217, 30303, 10000, 202, 300, 0, 0, 0, 0),
(900217, 30304, 10000, 202, 300, 0, 0, 0, 0),
(900217, 30305, 10000, 202, 300, 0, 0, 0, 0),
(900217, 30310, 15000, 202, 300, 0, 0, 0, 0),
(900217, 44155, 50000, 202, 300, 0, 0, 0, 60),
(900217, 30346, 15000, 202, 310, 0, 0, 0, 0),
(900217, 30312, 20000, 202, 320, 0, 0, 0, 0),
(900217, 30568, 25000, 202, 325, 20219, 0, 0, 0),
(900217, 30558, 25000, 202, 325, 20222, 0, 0, 0),
(900217, 30306, 20000, 202, 325, 0, 0, 0, 0),
(900217, 30311, 25000, 202, 325, 0, 0, 0, 0),
(900217, 39971, 20000, 202, 335, 0, 0, 0, 0),
(900217, 39973, 50000, 202, 335, 0, 0, 0, 0),
(900217, 30569, 35000, 202, 340, 20219, 0, 0, 0),
(900217, 30560, 35000, 202, 340, 20222, 0, 0, 0),
(900217, 30307, 50000, 202, 340, 0, 0, 0, 0),
(900217, 30308, 50000, 202, 340, 0, 0, 0, 0),
(900217, 30309, 50000, 202, 340, 0, 0, 0, 0),
(900217, 36954, 1050, 202, 350, 20222, 0, 0, 0),
(900217, 36955, 1050, 202, 350, 20219, 0, 0, 0),
(900217, 30570, 50000, 202, 350, 20219, 0, 0, 0),
(900217, 30563, 50000, 202, 350, 20222, 0, 0, 0),
(900217, 40274, 50000, 202, 350, 0, 0, 0, 0),
(900217, 41311, 50000, 202, 350, 0, 0, 0, 0),
(900217, 41312, 50000, 202, 350, 0, 0, 0, 0),
(900217, 41314, 50000, 202, 350, 0, 0, 0, 0),
(900217, 41315, 50000, 202, 350, 0, 0, 0, 0),
(900217, 41316, 50000, 202, 350, 0, 0, 0, 0),
(900217, 41317, 50000, 202, 350, 0, 0, 0, 0),
(900217, 41318, 50000, 202, 350, 0, 0, 0, 0),
(900217, 41319, 50000, 202, 350, 0, 0, 0, 0),
(900217, 41320, 50000, 202, 350, 0, 0, 0, 0),
(900217, 41321, 50000, 202, 350, 0, 0, 0, 0),
(900217, 53281, 50000, 202, 350, 0, 0, 0, 0),
(900217, 56349, 50000, 202, 350, 0, 0, 0, 0),
(900217, 56460, 50000, 202, 350, 0, 0, 0, 0),
(900217, 61464, 350000, 202, 350, 0, 0, 0, 65),
(900217, 30574, 100000, 202, 375, 20219, 0, 0, 0),
(900217, 30575, 100000, 202, 375, 20219, 0, 0, 0),
(900217, 30565, 100000, 202, 375, 20222, 0, 0, 0),
(900217, 30566, 100000, 202, 375, 20222, 0, 0, 0),
(900217, 41307, 50000, 202, 375, 0, 0, 0, 0),
(900217, 44157, 180000, 202, 375, 0, 0, 0, 70),
(900217, 56459, 100000, 202, 375, 0, 0, 0, 0),
(900217, 56461, 50000, 202, 375, 0, 0, 0, 0),
(900217, 56463, 100000, 202, 375, 0, 0, 0, 0),
(900217, 56464, 100000, 202, 375, 0, 0, 0, 0),
(900217, 54793, 100000, 202, 380, 0, 0, 0, 0),
(900217, 55002, 100000, 202, 380, 0, 0, 0, 0),
(900217, 63765, 100000, 202, 380, 0, 0, 0, 0),
(900217, 54736, 100000, 202, 390, 0, 0, 0, 0),
(900217, 56471, 100000, 202, 390, 0, 0, 0, 0),
(900217, 61471, 100000, 202, 390, 0, 0, 0, 0),
(900217, 54353, 125000, 202, 400, 0, 0, 0, 0),
(900217, 54998, 125000, 202, 400, 0, 0, 0, 0),
(900217, 54999, 125000, 202, 400, 0, 0, 0, 0),
(900217, 63770, 125000, 202, 400, 0, 0, 0, 0),
(900217, 55016, 125000, 202, 405, 0, 0, 0, 0),
(900217, 56468, 125000, 202, 405, 0, 0, 0, 0),
(900217, 56474, 125000, 202, 410, 0, 0, 0, 0),
(900217, 56476, 125000, 202, 410, 0, 0, 0, 0),
(900217, 67326, 100000, 202, 410, 0, 0, 0, 0),
(900217, 67839, 100000, 202, 410, 0, 0, 0, 0),
(900217, 56475, 125000, 202, 415, 0, 0, 0, 0),
(900217, 56477, 125000, 202, 415, 0, 0, 0, 0),
(900217, 56465, 125000, 202, 420, 0, 0, 0, 0),
(900217, 56466, 125000, 202, 420, 0, 0, 0, 0),
(900217, 56467, 125000, 202, 420, 0, 0, 0, 0),
(900217, 61481, 125000, 202, 420, 0, 0, 0, 0),
(900217, 61482, 125000, 202, 420, 0, 0, 0, 0),
(900217, 61483, 125000, 202, 420, 0, 0, 0, 0),
(900217, 56473, 150000, 202, 425, 20219, 0, 0, 0),
(900217, 56514, 150000, 202, 425, 20222, 0, 0, 0),
(900217, 56469, 150000, 202, 425, 0, 0, 0, 0),
(900217, 56470, 150000, 202, 425, 0, 0, 0, 0),
(900217, 56472, 150000, 202, 425, 0, 0, 0, 0),
(900217, 56478, 200000, 202, 430, 0, 0, 0, 0),
(900217, 56462, 150000, 202, 435, 0, 0, 0, 0),
(900217, 67920, 150000, 202, 435, 0, 0, 0, 0),
(900217, 56480, 150000, 202, 440, 0, 0, 0, 0),
(900217, 56481, 150000, 202, 440, 0, 0, 0, 0),
(900217, 56483, 150000, 202, 440, 0, 0, 0, 0),
(900217, 56484, 150000, 202, 440, 0, 0, 0, 0),
(900217, 56486, 150000, 202, 440, 0, 0, 0, 0),
(900217, 56487, 150000, 202, 440, 0, 0, 0, 0),
(900217, 56574, 150000, 202, 440, 0, 0, 0, 0),
(900217, 62271, 150000, 202, 440, 0, 0, 0, 0),
(900217, 56479, 200000, 202, 450, 0, 0, 0, 0),
(900217, 60874, 200000, 202, 450, 0, 0, 0, 0),
(900218, 3279, 100, 0, 0, 0, 0, 0, 1),
(900218, 3276, 100, 129, 40, 0, 0, 0, 0),
(900218, 3280, 500, 129, 50, 0, 0, 0, 1),
(900218, 3277, 250, 129, 80, 0, 0, 0, 0),
(900218, 7934, 250, 129, 80, 0, 0, 0, 0),
(900218, 3278, 1000, 129, 115, 0, 0, 0, 0),
(900218, 54254, 1000, 129, 125, 0, 0, 0, 1),
(900218, 7928, 5000, 129, 150, 0, 0, 0, 0),
(900218, 7929, 5000, 129, 180, 0, 0, 0, 0),
(900218, 10847, 25000, 129, 200, 0, 0, 0, 35),
(900218, 10840, 10000, 129, 210, 0, 0, 0, 0),
(900218, 10841, 10000, 129, 240, 0, 0, 0, 0),
(900218, 18629, 20000, 129, 260, 0, 0, 0, 0),
(900218, 54255, 20000, 129, 275, 0, 0, 0, 50),
(900218, 18630, 20000, 129, 290, 0, 0, 0, 0),
(900218, 27032, 20000, 129, 300, 0, 0, 0, 0),
(900218, 27033, 20000, 129, 330, 0, 0, 0, 0),
(900218, 45545, 40000, 129, 350, 0, 0, 0, 0),
(900218, 50299, 350000, 129, 350, 0, 0, 0, 65),
(900219, 7733, 100, 0, 0, 0, 0, 0, 5),
(900219, 7734, 500, 356, 50, 0, 0, 0, 10),
(900219, 54083, 10000, 356, 125, 0, 0, 0, 10),
(900219, 18249, 25000, 356, 200, 0, 0, 0, 10),
(900219, 54084, 100000, 356, 275, 0, 0, 0, 10),
(900219, 51293, 350000, 356, 350, 0, 0, 0, 10),
(900220, 2372, 10, 0, 0, 0, 0, 0, 1),
(900220, 2373, 500, 182, 50, 0, 0, 0, 1),
(900220, 3571, 5000, 182, 125, 0, 0, 0, 10),
(900220, 11994, 50000, 182, 200, 0, 0, 0, 25),
(900220, 28696, 100000, 182, 275, 0, 0, 0, 40),
(900220, 50301, 350000, 182, 350, 0, 0, 0, 55),
(900221, 45375, 10, 0, 0, 0, 0, 0, 5),
(900221, 58472, 47, 773, 15, 0, 0, 0, 0),
(900221, 58484, 47, 773, 15, 0, 0, 0, 0),
(900221, 48248, 47, 773, 35, 0, 0, 0, 0),
(900221, 52739, 142, 773, 35, 0, 0, 0, 0),
(900221, 52843, 47, 773, 35, 0, 0, 0, 0),
(900221, 45376, 950, 773, 50, 0, 0, 0, 10),
(900221, 50598, 380, 773, 75, 0, 0, 0, 0),
(900221, 50605, 380, 773, 75, 0, 0, 0, 0),
(900221, 50612, 380, 773, 75, 0, 0, 0, 0),
(900221, 52840, 380, 773, 75, 0, 0, 0, 0),
(900221, 53462, 285, 773, 75, 0, 0, 0, 0),
(900221, 61288, 950, 773, 75, 0, 0, 0, 0),
(900221, 56955, 285, 773, 80, 0, 0, 0, 0),
(900221, 56976, 285, 773, 80, 0, 0, 0, 0),
(900221, 57004, 285, 773, 80, 0, 0, 0, 0),
(900221, 57022, 285, 773, 80, 0, 0, 0, 0),
(900221, 57114, 285, 773, 80, 0, 0, 0, 0),
(900221, 57194, 285, 773, 80, 0, 0, 0, 0),
(900221, 58485, 380, 773, 80, 0, 0, 0, 0),
(900221, 56963, 285, 773, 85, 0, 0, 0, 0),
(900221, 57162, 285, 773, 85, 0, 0, 0, 0),
(900221, 57239, 285, 773, 85, 0, 0, 0, 0),
(900221, 57259, 285, 773, 85, 0, 0, 0, 0),
(900221, 57703, 380, 773, 85, 0, 0, 0, 0),
(900221, 58473, 380, 773, 85, 0, 0, 0, 0),
(900221, 56961, 380, 773, 90, 0, 0, 0, 0),
(900221, 56978, 380, 773, 90, 0, 0, 0, 0),
(900221, 57009, 380, 773, 90, 0, 0, 0, 0),
(900221, 57027, 380, 773, 90, 0, 0, 0, 0),
(900221, 57119, 380, 773, 95, 0, 0, 0, 0),
(900221, 57158, 380, 773, 95, 0, 0, 0, 0),
(900221, 57196, 380, 773, 95, 0, 0, 0, 0),
(900221, 57246, 380, 773, 95, 0, 0, 0, 0),
(900221, 57266, 380, 773, 95, 0, 0, 0, 0),
(900221, 48121, 380, 773, 100, 0, 0, 0, 0),
(900221, 56968, 380, 773, 100, 0, 0, 0, 0),
(900221, 56995, 380, 773, 100, 0, 0, 0, 0),
(900221, 57704, 380, 773, 100, 0, 0, 0, 0),
(900221, 67600, 400, 773, 100, 0, 0, 0, 0),
(900221, 57029, 475, 773, 105, 0, 0, 0, 0),
(900221, 57120, 475, 773, 105, 0, 0, 0, 0),
(900221, 57184, 475, 773, 105, 0, 0, 0, 0),
(900221, 48247, 475, 773, 110, 0, 0, 0, 0),
(900221, 57163, 475, 773, 110, 0, 0, 0, 0),
(900221, 57238, 475, 773, 110, 0, 0, 0, 0),
(900221, 57265, 475, 773, 110, 0, 0, 0, 0),
(900221, 58565, 475, 773, 110, 0, 0, 0, 0),
(900221, 56945, 475, 773, 115, 0, 0, 0, 0),
(900221, 56971, 475, 773, 115, 0, 0, 0, 0),
(900221, 56997, 475, 773, 115, 0, 0, 0, 0),
(900221, 57030, 475, 773, 120, 0, 0, 0, 0),
(900221, 57121, 475, 773, 120, 0, 0, 0, 0),
(900221, 57186, 475, 773, 120, 0, 0, 0, 0),
(900221, 45377, 4750, 773, 125, 0, 0, 0, 20),
(900221, 57157, 712, 773, 125, 0, 0, 0, 0),
(900221, 57240, 712, 773, 125, 0, 0, 0, 0),
(900221, 57262, 712, 773, 125, 0, 0, 0, 0),
(900221, 57706, 712, 773, 125, 0, 0, 0, 0),
(900221, 59475, 712, 773, 125, 0, 0, 0, 0),
(900221, 59478, 712, 773, 125, 0, 0, 0, 0),
(900221, 59480, 712, 773, 125, 0, 0, 0, 0),
(900221, 56951, 712, 773, 130, 0, 0, 0, 0),
(900221, 56973, 712, 773, 130, 0, 0, 0, 0),
(900221, 57005, 712, 773, 130, 0, 0, 0, 0),
(900221, 57031, 712, 773, 135, 0, 0, 0, 0),
(900221, 57123, 712, 773, 135, 0, 0, 0, 0),
(900221, 57188, 712, 773, 135, 0, 0, 0, 0),
(900221, 57167, 712, 773, 140, 0, 0, 0, 0),
(900221, 57245, 712, 773, 140, 0, 0, 0, 0),
(900221, 57269, 712, 773, 140, 0, 0, 0, 0),
(900221, 56948, 712, 773, 150, 0, 0, 0, 0),
(900221, 57007, 712, 773, 150, 0, 0, 0, 0),
(900221, 57707, 712, 773, 150, 0, 0, 0, 0),
(900221, 50614, 712, 773, 155, 0, 0, 0, 0),
(900221, 56974, 712, 773, 155, 0, 0, 0, 0),
(900221, 57032, 712, 773, 155, 0, 0, 0, 0),
(900221, 50606, 712, 773, 160, 0, 0, 0, 0),
(900221, 57125, 712, 773, 160, 0, 0, 0, 0),
(900221, 57197, 712, 773, 160, 0, 0, 0, 0),
(900221, 50599, 712, 773, 165, 0, 0, 0, 0),
(900221, 57249, 712, 773, 165, 0, 0, 0, 0),
(900221, 57271, 712, 773, 165, 0, 0, 0, 0),
(900221, 56953, 950, 773, 170, 0, 0, 0, 0),
(900221, 57161, 950, 773, 170, 0, 0, 0, 0),
(900221, 58486, 712, 773, 170, 0, 0, 0, 0),
(900221, 56981, 950, 773, 175, 0, 0, 0, 0),
(900221, 56994, 950, 773, 175, 0, 0, 0, 0),
(900221, 57708, 712, 773, 175, 0, 0, 0, 0),
(900221, 58476, 712, 773, 175, 0, 0, 0, 0),
(900221, 59484, 712, 773, 175, 0, 0, 0, 0),
(900221, 59486, 712, 773, 175, 0, 0, 0, 0),
(900221, 59487, 712, 773, 175, 0, 0, 0, 0),
(900221, 57020, 950, 773, 180, 0, 0, 0, 0),
(900221, 57200, 950, 773, 180, 0, 0, 0, 0),
(900221, 57129, 2850, 773, 185, 0, 0, 0, 0),
(900221, 57241, 2850, 773, 185, 0, 0, 0, 0),
(900221, 57165, 2850, 773, 190, 0, 0, 0, 0),
(900221, 57277, 2850, 773, 190, 0, 0, 0, 0),
(900221, 45378, 47500, 773, 200, 0, 0, 0, 35),
(900221, 56956, 2850, 773, 200, 0, 0, 0, 0),
(900221, 57000, 2850, 773, 200, 0, 0, 0, 0),
(900221, 57709, 2850, 773, 200, 0, 0, 0, 0),
(900221, 59387, 2850, 773, 200, 0, 0, 0, 0),
(900221, 59499, 2850, 773, 200, 0, 0, 0, 0),
(900221, 60336, 2850, 773, 200, 0, 0, 0, 0),
(900221, 50616, 4275, 773, 205, 0, 0, 0, 0),
(900221, 56982, 4275, 773, 205, 0, 0, 0, 0),
(900221, 57023, 4275, 773, 205, 0, 0, 0, 0),
(900221, 50607, 4275, 773, 210, 0, 0, 0, 0),
(900221, 57131, 4275, 773, 210, 0, 0, 0, 0),
(900221, 57201, 4275, 773, 210, 0, 0, 0, 0),
(900221, 50600, 4275, 773, 215, 0, 0, 0, 0),
(900221, 57242, 4275, 773, 215, 0, 0, 0, 0),
(900221, 57270, 4275, 773, 215, 0, 0, 0, 0),
(900221, 56959, 4275, 773, 220, 0, 0, 0, 0),
(900221, 57151, 4275, 773, 220, 0, 0, 0, 0),
(900221, 58487, 4275, 773, 220, 0, 0, 0, 0),
(900221, 56979, 5700, 773, 225, 0, 0, 0, 0),
(900221, 57001, 5700, 773, 225, 0, 0, 0, 0),
(900221, 57710, 5700, 773, 225, 0, 0, 0, 0),
(900221, 58478, 4275, 773, 225, 0, 0, 0, 0),
(900221, 59489, 5700, 773, 225, 0, 0, 0, 0),
(900221, 59490, 5700, 773, 225, 0, 0, 0, 0),
(900221, 59491, 5700, 773, 225, 0, 0, 0, 0),
(900221, 57024, 5700, 773, 230, 0, 0, 0, 0),
(900221, 57183, 5700, 773, 230, 0, 0, 0, 0),
(900221, 57132, 5700, 773, 235, 0, 0, 0, 0),
(900221, 57244, 5700, 773, 235, 0, 0, 0, 0),
(900221, 59488, 5700, 773, 235, 0, 0, 0, 0),
(900221, 57154, 7125, 773, 240, 0, 0, 0, 0),
(900221, 57274, 7125, 773, 240, 0, 0, 0, 0),
(900221, 50617, 9500, 773, 250, 0, 0, 0, 0),
(900221, 57711, 9500, 773, 250, 0, 0, 0, 0),
(900221, 64258, 10000, 773, 250, 0, 0, 0, 0),
(900221, 64261, 10000, 773, 250, 0, 0, 0, 0),
(900221, 50608, 9500, 773, 255, 0, 0, 0, 0),
(900221, 64259, 10000, 773, 255, 0, 0, 0, 0),
(900221, 64260, 10000, 773, 255, 0, 0, 0, 0),
(900221, 64262, 10000, 773, 255, 0, 0, 0, 0),
(900221, 50601, 9500, 773, 260, 0, 0, 0, 0),
(900221, 56957, 9500, 773, 260, 0, 0, 0, 0),
(900221, 57002, 9500, 773, 260, 0, 0, 0, 0),
(900221, 57025, 9500, 773, 265, 0, 0, 0, 0),
(900221, 57210, 9500, 773, 265, 0, 0, 0, 0),
(900221, 58488, 9500, 773, 265, 0, 0, 0, 0),
(900221, 57185, 9500, 773, 270, 0, 0, 0, 0),
(900221, 57216, 9500, 773, 270, 0, 0, 0, 0),
(900221, 58480, 9500, 773, 270, 0, 0, 0, 0),
(900221, 45379, 100000, 773, 275, 0, 0, 0, 50),
(900221, 57251, 9500, 773, 275, 0, 0, 0, 0),
(900221, 57272, 9500, 773, 275, 0, 0, 0, 0),
(900221, 57712, 9500, 773, 275, 0, 0, 0, 0),
(900221, 59493, 9500, 773, 275, 0, 0, 0, 0),
(900221, 59494, 9500, 773, 275, 0, 0, 0, 0),
(900221, 59502, 9500, 773, 275, 0, 0, 0, 0),
(900221, 64266, 10000, 773, 275, 0, 0, 0, 0),
(900221, 56985, 9500, 773, 280, 0, 0, 0, 0),
(900221, 57219, 9500, 773, 280, 0, 0, 0, 0),
(900221, 64267, 10000, 773, 280, 0, 0, 0, 0),
(900221, 57133, 14250, 773, 285, 0, 0, 0, 0),
(900221, 57156, 14250, 773, 285, 0, 0, 0, 0),
(900221, 57213, 14250, 773, 285, 0, 0, 0, 0),
(900221, 50618, 19000, 773, 290, 0, 0, 0, 0),
(900221, 57713, 19000, 773, 290, 0, 0, 0, 0),
(900221, 50609, 19000, 773, 295, 0, 0, 0, 0),
(900221, 57026, 20000, 773, 300, 0, 0, 0, 0),
(900221, 57221, 20000, 773, 300, 0, 0, 0, 0),
(900221, 57236, 20000, 773, 300, 0, 0, 0, 0),
(900221, 57122, 20000, 773, 305, 0, 0, 0, 0),
(900221, 57226, 20000, 773, 305, 0, 0, 0, 0),
(900221, 58489, 19000, 773, 305, 0, 0, 0, 0),
(900221, 56952, 20000, 773, 310, 0, 0, 0, 0),
(900221, 59338, 20000, 773, 310, 0, 0, 0, 0),
(900221, 50602, 19000, 773, 310, 0, 0, 0, 0),
(900221, 58481, 19000, 773, 310, 0, 0, 0, 0),
(900221, 57008, 20000, 773, 315, 0, 0, 0, 0),
(900221, 57187, 20000, 773, 315, 0, 0, 0, 0),
(900221, 56991, 20000, 773, 315, 0, 0, 0, 0),
(900221, 57168, 20000, 773, 320, 0, 0, 0, 0),
(900221, 59339, 20000, 773, 320, 0, 0, 0, 0),
(900221, 56984, 30000, 773, 325, 0, 0, 0, 0),
(900221, 57275, 30000, 773, 325, 0, 0, 0, 0),
(900221, 57714, 20000, 773, 325, 0, 0, 0, 0),
(900221, 59495, 20000, 773, 325, 0, 0, 0, 0),
(900221, 59496, 20000, 773, 325, 0, 0, 0, 0),
(900221, 59503, 20000, 773, 325, 0, 0, 0, 0),
(900221, 57224, 30000, 773, 330, 0, 0, 0, 0),
(900221, 57252, 30000, 773, 330, 0, 0, 0, 0),
(900221, 56972, 30000, 773, 335, 0, 0, 0, 0),
(900221, 57033, 30000, 773, 335, 0, 0, 0, 0),
(900221, 57113, 30000, 773, 340, 0, 0, 0, 0),
(900221, 59340, 30000, 773, 340, 0, 0, 0, 0),
(900221, 57172, 30000, 773, 345, 0, 0, 0, 0),
(900221, 57227, 30000, 773, 345, 0, 0, 0, 0),
(900221, 45380, 350000, 773, 350, 0, 0, 0, 65),
(900221, 50619, 50000, 773, 350, 0, 0, 0, 0),
(900221, 57715, 50000, 773, 350, 0, 0, 0, 0),
(900221, 59500, 50000, 773, 350, 0, 0, 0, 0),
(900221, 60337, 50000, 773, 350, 0, 0, 0, 0),
(900221, 64053, 50000, 773, 350, 0, 0, 0, 0),
(900221, 56943, 30000, 773, 350, 0, 0, 0, 0),
(900221, 57003, 30000, 773, 350, 0, 0, 0, 0),
(900221, 57192, 30000, 773, 350, 0, 0, 0, 0),
(900221, 57222, 30000, 773, 350, 0, 0, 0, 0),
(900221, 57257, 30000, 773, 350, 0, 0, 0, 0),
(900221, 50610, 50000, 773, 355, 0, 0, 0, 0),
(900221, 50603, 50000, 773, 360, 0, 0, 0, 0),
(900221, 58490, 50000, 773, 365, 0, 0, 0, 0),
(900221, 58482, 50000, 773, 370, 0, 0, 0, 0),
(900221, 56980, 50000, 773, 375, 0, 0, 0, 0),
(900221, 57006, 50000, 773, 375, 0, 0, 0, 0),
(900221, 57036, 50000, 773, 375, 0, 0, 0, 0),
(900221, 57198, 50000, 773, 375, 0, 0, 0, 0),
(900221, 57225, 50000, 773, 375, 0, 0, 0, 0),
(900221, 57248, 50000, 773, 375, 0, 0, 0, 0),
(900221, 57716, 50000, 773, 375, 0, 0, 0, 0),
(900221, 62162, 50000, 773, 375, 0, 0, 0, 0),
(900221, 61177, 100000, 773, 385, 0, 0, 0, 0),
(900221, 50620, 60000, 773, 400, 0, 0, 0, 0),
(900221, 56987, 125000, 773, 400, 0, 0, 0, 0),
(900221, 59497, 50000, 773, 400, 0, 0, 0, 0),
(900221, 59498, 50000, 773, 400, 0, 0, 0, 0),
(900221, 59501, 100000, 773, 400, 0, 0, 0, 0),
(900221, 59504, 50000, 773, 400, 0, 0, 0, 0),
(900221, 61117, 75000, 773, 400, 0, 0, 0, 35),
(900221, 61118, 75000, 773, 400, 0, 0, 0, 35),
(900221, 61119, 75000, 773, 400, 0, 0, 0, 35),
(900221, 61120, 75000, 773, 400, 0, 0, 0, 35),
(900221, 50611, 60000, 773, 405, 0, 0, 0, 0),
(900221, 50604, 60000, 773, 410, 0, 0, 0, 0),
(900221, 58491, 60000, 773, 415, 0, 0, 0, 0),
(900221, 58483, 60000, 773, 420, 0, 0, 0, 0),
(900221, 69385, 200000, 773, 440, 0, 0, 0, 0),
(900222, 25245, 10, 0, 0, 0, 0, 0, 5),
(900222, 26926, 50, 755, 5, 0, 0, 0, 0),
(900222, 31252, 100, 755, 20, 0, 0, 0, 5),
(900222, 32178, 100, 755, 20, 0, 0, 0, 0),
(900222, 32179, 100, 755, 20, 0, 0, 0, 0),
(900222, 25283, 100, 755, 30, 0, 0, 0, 0),
(900222, 26928, 100, 755, 30, 0, 0, 0, 0),
(900222, 25246, 500, 755, 50, 0, 0, 0, 10),
(900222, 25278, 200, 755, 50, 0, 0, 0, 0),
(900222, 25280, 200, 755, 50, 0, 0, 0, 0),
(900222, 25490, 300, 755, 50, 0, 0, 0, 0),
(900222, 26927, 300, 755, 50, 0, 0, 0, 0),
(900222, 32801, 200, 755, 50, 0, 0, 0, 0),
(900222, 25284, 400, 755, 60, 0, 0, 0, 0),
(900222, 37818, 500, 755, 65, 0, 0, 0, 0),
(900222, 25287, 400, 755, 70, 0, 0, 0, 0),
(900222, 36523, 600, 755, 75, 0, 0, 0, 0),
(900222, 25317, 600, 755, 80, 0, 0, 0, 0),
(900222, 38175, 650, 755, 80, 0, 0, 0, 0),
(900222, 25305, 1000, 755, 90, 0, 0, 0, 0),
(900222, 25318, 800, 755, 100, 0, 0, 0, 0),
(900222, 36524, 800, 755, 105, 0, 0, 0, 0),
(900222, 25498, 600, 755, 110, 0, 0, 0, 0),
(900222, 32807, 600, 755, 110, 0, 0, 0, 0),
(900222, 25321, 1500, 755, 120, 0, 0, 0, 0),
(900222, 28896, 5000, 755, 125, 0, 0, 0, 20),
(900222, 25613, 1200, 755, 135, 0, 0, 0, 0),
(900222, 25615, 1500, 755, 150, 0, 0, 0, 0),
(900222, 25620, 2000, 755, 170, 0, 0, 0, 0),
(900222, 32808, 2000, 755, 175, 0, 0, 0, 0),
(900222, 25621, 2000, 755, 180, 0, 0, 0, 0),
(900222, 34955, 2500, 755, 180, 0, 0, 0, 0),
(900222, 26872, 2500, 755, 200, 0, 0, 0, 0),
(900222, 28899, 50000, 755, 200, 0, 0, 0, 35),
(900222, 34959, 3000, 755, 200, 0, 0, 0, 0),
(900222, 63743, 3000, 755, 200, 0, 0, 0, 0),
(900222, 26874, 5000, 755, 210, 0, 0, 0, 0),
(900222, 26876, 3000, 755, 220, 0, 0, 0, 0),
(900222, 26880, 3500, 755, 225, 0, 0, 0, 0),
(900222, 32809, 3500, 755, 225, 0, 0, 0, 0),
(900222, 36525, 4000, 755, 230, 0, 0, 0, 0),
(900222, 26883, 4000, 755, 235, 0, 0, 0, 0),
(900222, 26885, 5000, 755, 240, 0, 0, 0, 0),
(900222, 26902, 10000, 755, 260, 0, 0, 0, 0),
(900222, 36526, 10000, 755, 265, 0, 0, 0, 0),
(900222, 26903, 10000, 755, 275, 0, 0, 0, 0),
(900222, 28901, 100000, 755, 275, 0, 0, 0, 50),
(900222, 26907, 10000, 755, 280, 0, 0, 0, 0),
(900222, 26908, 12000, 755, 280, 0, 0, 0, 0),
(900222, 34960, 10000, 755, 280, 0, 0, 0, 0),
(900222, 26911, 15000, 755, 290, 0, 0, 0, 0),
(900222, 34961, 10000, 755, 290, 0, 0, 0, 0),
(900222, 28903, 10000, 755, 300, 0, 0, 0, 0),
(900222, 28910, 10000, 755, 300, 0, 0, 0, 0),
(900222, 28916, 10000, 755, 300, 0, 0, 0, 0),
(900222, 28925, 10000, 755, 300, 0, 0, 0, 0),
(900222, 28938, 10000, 755, 300, 0, 0, 0, 0),
(900222, 28950, 10000, 755, 300, 0, 0, 0, 0),
(900222, 62941, 10000, 755, 300, 0, 0, 0, 0),
(900222, 28905, 10000, 755, 305, 0, 0, 0, 0),
(900222, 28917, 10000, 755, 305, 0, 0, 0, 0),
(900222, 28953, 10000, 755, 305, 0, 0, 0, 0),
(900222, 34590, 10000, 755, 305, 0, 0, 0, 0),
(900222, 26916, 20000, 755, 310, 0, 0, 0, 0),
(900222, 31048, 20000, 755, 310, 0, 0, 0, 0),
(900222, 31049, 20000, 755, 310, 0, 0, 0, 0),
(900222, 28914, 10000, 755, 315, 0, 0, 0, 0),
(900222, 31050, 25000, 755, 320, 0, 0, 0, 0),
(900222, 28936, 10000, 755, 325, 0, 0, 0, 0),
(900222, 28948, 10000, 755, 325, 0, 0, 0, 0),
(900222, 34069, 10000, 755, 325, 0, 0, 0, 0),
(900222, 38068, 20000, 755, 325, 0, 0, 0, 0),
(900222, 41414, 10000, 755, 325, 0, 0, 0, 0),
(900222, 41420, 8500, 755, 325, 0, 0, 0, 0),
(900222, 41415, 10000, 755, 330, 0, 0, 0, 0),
(900222, 31051, 30000, 755, 335, 0, 0, 0, 0),
(900222, 31052, 30000, 755, 335, 0, 0, 0, 0),
(900222, 40514, 8500, 755, 340, 0, 0, 0, 0),
(900222, 41429, 10000, 755, 350, 0, 0, 0, 0),
(900222, 47280, 30000, 755, 350, 0, 0, 0, 0),
(900222, 51310, 350000, 755, 350, 0, 0, 0, 65),
(900222, 53831, 10000, 755, 350, 0, 0, 0, 0),
(900222, 53832, 10000, 755, 350, 0, 0, 0, 0),
(900222, 53834, 10000, 755, 350, 0, 0, 0, 0),
(900222, 53835, 10000, 755, 350, 0, 0, 0, 0),
(900222, 53844, 10000, 755, 350, 0, 0, 0, 0),
(900222, 53845, 10000, 755, 350, 0, 0, 0, 0),
(900222, 53852, 10000, 755, 350, 0, 0, 0, 0),
(900222, 53853, 10000, 755, 350, 0, 0, 0, 0),
(900222, 53854, 10000, 755, 350, 0, 0, 0, 0),
(900222, 53855, 10000, 755, 350, 0, 0, 0, 0),
(900222, 53856, 10000, 755, 350, 0, 0, 0, 0),
(900222, 53859, 10000, 755, 350, 0, 0, 0, 0),
(900222, 53860, 10000, 755, 350, 0, 0, 0, 0),
(900222, 53861, 10000, 755, 350, 0, 0, 0, 0),
(900222, 53862, 10000, 755, 350, 0, 0, 0, 0),
(900222, 53863, 10000, 755, 350, 0, 0, 0, 0),
(900222, 53864, 10000, 755, 350, 0, 0, 0, 0),
(900222, 53866, 10000, 755, 350, 0, 0, 0, 0),
(900222, 53867, 10000, 755, 350, 0, 0, 0, 0),
(900222, 53870, 10000, 755, 350, 0, 0, 0, 0),
(900222, 53871, 10000, 755, 350, 0, 0, 0, 0),
(900222, 53872, 10000, 755, 350, 0, 0, 0, 0),
(900222, 53873, 10000, 755, 350, 0, 0, 0, 0),
(900222, 53874, 10000, 755, 350, 0, 0, 0, 0),
(900222, 53876, 10000, 755, 350, 0, 0, 0, 0),
(900222, 53878, 10000, 755, 350, 0, 0, 0, 0),
(900222, 53880, 10000, 755, 350, 0, 0, 0, 0),
(900222, 53881, 10000, 755, 350, 0, 0, 0, 0),
(900222, 53882, 10000, 755, 350, 0, 0, 0, 0),
(900222, 53883, 10000, 755, 350, 0, 0, 0, 0),
(900222, 53886, 10000, 755, 350, 0, 0, 0, 0),
(900222, 53887, 10000, 755, 350, 0, 0, 0, 0),
(900222, 53889, 10000, 755, 350, 0, 0, 0, 0),
(900222, 53890, 10000, 755, 350, 0, 0, 0, 0),
(900222, 53892, 10000, 755, 350, 0, 0, 0, 0),
(900222, 53893, 10000, 755, 350, 0, 0, 0, 0),
(900222, 53894, 10000, 755, 350, 0, 0, 0, 0),
(900222, 53916, 10000, 755, 350, 0, 0, 0, 0),
(900222, 53918, 10000, 755, 350, 0, 0, 0, 0),
(900222, 53920, 10000, 755, 350, 0, 0, 0, 0),
(900222, 53922, 10000, 755, 350, 0, 0, 0, 0),
(900222, 53923, 10000, 755, 350, 0, 0, 0, 0),
(900222, 53925, 10000, 755, 350, 0, 0, 0, 0),
(900222, 53926, 10000, 755, 350, 0, 0, 0, 0),
(900222, 53927, 10000, 755, 350, 0, 0, 0, 0),
(900222, 53928, 10000, 755, 350, 0, 0, 0, 0),
(900222, 53930, 10000, 755, 350, 0, 0, 0, 0),
(900222, 53931, 10000, 755, 350, 0, 0, 0, 0),
(900222, 53934, 10000, 755, 350, 0, 0, 0, 0),
(900222, 53940, 10000, 755, 350, 0, 0, 0, 0),
(900222, 53941, 10000, 755, 350, 0, 0, 0, 0),
(900222, 54017, 10000, 755, 350, 0, 0, 0, 0),
(900222, 56193, 30000, 755, 350, 0, 0, 0, 0),
(900222, 56194, 30000, 755, 350, 0, 0, 0, 0),
(900222, 56205, 10000, 755, 350, 0, 0, 0, 0),
(900222, 58141, 30000, 755, 350, 0, 0, 0, 0),
(900222, 58142, 30000, 755, 350, 0, 0, 0, 0),
(900222, 53843, 10000, 755, 360, 0, 0, 0, 0),
(900222, 53868, 10000, 755, 360, 0, 0, 0, 0),
(900222, 53891, 10000, 755, 360, 0, 0, 0, 0),
(900222, 56206, 20000, 755, 360, 0, 0, 0, 0),
(900222, 56530, 20000, 755, 360, 0, 0, 0, 0),
(900222, 41418, 30000, 755, 365, 0, 0, 0, 0),
(900222, 56208, 20000, 755, 370, 0, 0, 0, 0),
(900222, 58143, 30000, 755, 370, 0, 0, 0, 0),
(900222, 58144, 30000, 755, 370, 0, 0, 0, 0),
(900222, 56195, 120000, 755, 380, 0, 0, 0, 0),
(900222, 56196, 80000, 755, 380, 0, 0, 0, 0),
(900222, 53947, 100000, 755, 390, 0, 0, 0, 0),
(900222, 53953, 100000, 755, 390, 0, 0, 0, 0),
(900222, 53956, 100000, 755, 390, 0, 0, 0, 0),
(900222, 53969, 100000, 755, 390, 0, 0, 0, 0),
(900222, 53989, 100000, 755, 390, 0, 0, 0, 0),
(900222, 54007, 100000, 755, 390, 0, 0, 0, 0),
(900222, 56531, 100000, 755, 390, 0, 0, 0, 0),
(900222, 58145, 50000, 755, 390, 0, 0, 0, 0),
(900222, 58146, 50000, 755, 390, 0, 0, 0, 0),
(900222, 56199, 150000, 755, 400, 0, 0, 0, 0),
(900222, 56201, 150000, 755, 400, 0, 0, 0, 0),
(900222, 56202, 150000, 755, 400, 0, 0, 0, 0),
(900222, 56203, 150000, 755, 400, 0, 0, 0, 0),
(900222, 59759, 150000, 755, 400, 0, 0, 0, 0),
(900222, 55386, 120000, 755, 420, 0, 0, 0, 0),
(900222, 55394, 120000, 755, 420, 0, 0, 0, 0),
(900222, 55399, 120000, 755, 420, 0, 0, 0, 0),
(900222, 55402, 120000, 755, 420, 0, 0, 0, 0),
(900222, 56197, 100000, 755, 420, 0, 0, 0, 0),
(900222, 64725, 100000, 755, 420, 0, 0, 0, 0),
(900222, 64726, 100000, 755, 420, 0, 0, 0, 0),
(900222, 64727, 100000, 755, 420, 0, 0, 0, 0),
(900222, 64728, 100000, 755, 420, 0, 0, 0, 0),
(900222, 62242, 150000, 755, 425, 0, 0, 0, 0),
(900223, 2155, 10, 0, 0, 0, 0, 0, 5),
(900223, 2153, 50, 165, 15, 0, 0, 0, 0),
(900223, 3753, 75, 165, 25, 0, 0, 0, 0),
(900223, 9060, 100, 165, 30, 0, 0, 0, 0),
(900223, 9062, 100, 165, 30, 0, 0, 0, 0),
(900223, 3816, 50, 165, 35, 0, 0, 0, 0),
(900223, 2160, 100, 165, 40, 0, 0, 0, 0),
(900223, 2154, 500, 165, 50, 0, 0, 0, 10),
(900223, 2161, 100, 165, 55, 0, 0, 0, 0),
(900223, 3756, 150, 165, 55, 0, 0, 0, 0),
(900223, 2162, 100, 165, 60, 0, 0, 0, 0),
(900223, 9065, 150, 165, 70, 0, 0, 0, 0),
(900223, 3759, 200, 165, 75, 0, 0, 0, 0),
(900223, 3763, 300, 165, 80, 0, 0, 0, 0),
(900223, 2159, 250, 165, 85, 0, 0, 0, 0),
(900223, 3761, 350, 165, 85, 0, 0, 0, 0),
(900223, 9068, 400, 165, 95, 0, 0, 0, 0),
(900223, 2165, 250, 165, 100, 0, 0, 0, 0),
(900223, 2167, 350, 165, 100, 0, 0, 0, 0),
(900223, 3817, 200, 165, 100, 0, 0, 0, 0),
(900223, 20648, 500, 165, 100, 0, 0, 0, 0),
(900223, 2168, 350, 165, 110, 0, 0, 0, 0),
(900223, 7135, 400, 165, 115, 0, 0, 0, 0),
(900223, 2166, 450, 165, 120, 0, 0, 0, 0),
(900223, 9074, 500, 165, 120, 0, 0, 0, 0),
(900223, 3766, 400, 165, 125, 0, 0, 0, 0),
(900223, 3812, 5000, 165, 125, 0, 0, 0, 20),
(900223, 9145, 500, 165, 125, 0, 0, 0, 0),
(900223, 3768, 500, 165, 130, 0, 0, 0, 0),
(900223, 3770, 500, 165, 135, 0, 0, 0, 0),
(900223, 3764, 500, 165, 145, 0, 0, 0, 0),
(900223, 3760, 600, 165, 150, 0, 0, 0, 0),
(900223, 3780, 750, 165, 150, 0, 0, 0, 0),
(900223, 3818, 500, 165, 150, 0, 0, 0, 0),
(900223, 9193, 500, 165, 150, 0, 0, 0, 0),
(900223, 9194, 500, 165, 150, 0, 0, 0, 0),
(900223, 20649, 1000, 165, 150, 0, 0, 0, 0),
(900223, 3774, 1000, 165, 160, 0, 0, 0, 0),
(900223, 7147, 1000, 165, 160, 0, 0, 0, 0),
(900223, 7151, 1200, 165, 175, 0, 0, 0, 0),
(900223, 9196, 1500, 165, 175, 0, 0, 0, 0),
(900223, 3776, 1200, 165, 180, 0, 0, 0, 0),
(900223, 9198, 2000, 165, 180, 0, 0, 0, 0),
(900223, 9201, 2000, 165, 185, 0, 0, 0, 0),
(900223, 6661, 2000, 165, 190, 0, 0, 0, 0),
(900223, 7156, 2400, 165, 190, 0, 0, 0, 0),
(900223, 9206, 2500, 165, 195, 0, 0, 0, 0),
(900223, 10482, 2000, 165, 200, 0, 0, 0, 0),
(900223, 10487, 2000, 165, 200, 0, 0, 0, 0),
(900223, 10663, 50000, 165, 200, 0, 0, 0, 35),
(900223, 20650, 4000, 165, 200, 0, 0, 0, 0),
(900223, 10499, 3000, 165, 205, 0, 0, 0, 0),
(900223, 10507, 3000, 165, 205, 0, 0, 0, 0),
(900223, 10511, 3000, 165, 210, 0, 0, 0, 0),
(900223, 10518, 3500, 165, 210, 0, 0, 0, 0),
(900223, 10621, 10000, 165, 225, 0, 0, 0, 0),
(900223, 14930, 4000, 165, 225, 0, 0, 0, 0),
(900223, 14932, 4000, 165, 225, 0, 0, 0, 0),
(900223, 10619, 10000, 165, 225, 0, 0, 0, 0),
(900223, 10548, 4000, 165, 230, 0, 0, 0, 0),
(900223, 10552, 4000, 165, 230, 0, 0, 0, 0),
(900223, 10630, 10000, 165, 230, 0, 0, 0, 0),
(900223, 10556, 4500, 165, 235, 0, 0, 0, 0),
(900223, 10558, 4500, 165, 235, 0, 0, 0, 0),
(900223, 10647, 10000, 165, 250, 0, 0, 0, 0),
(900223, 19047, 5000, 165, 250, 0, 0, 0, 0),
(900223, 19058, 5000, 165, 250, 0, 0, 0, 0),
(900223, 22331, 5000, 165, 250, 0, 0, 0, 0),
(900223, 10632, 10000, 165, 250, 0, 0, 0, 0),
(900223, 10650, 10000, 165, 255, 0, 0, 0, 0),
(900223, 36075, 10000, 165, 260, 0, 0, 0, 0),
(900223, 36074, 10000, 165, 260, 0, 0, 0, 0),
(900223, 36076, 10000, 165, 260, 0, 0, 0, 0),
(900223, 19052, 10000, 165, 265, 0, 0, 0, 0),
(900223, 19055, 10000, 165, 270, 0, 0, 0, 0),
(900223, 19065, 10000, 165, 275, 0, 0, 0, 0),
(900223, 32550, 100000, 165, 275, 0, 0, 0, 50),
(900223, 19071, 10000, 165, 280, 0, 0, 0, 0),
(900223, 19072, 10000, 165, 280, 0, 0, 0, 0),
(900223, 24655, 30000, 165, 280, 0, 0, 0, 0),
(900223, 19082, 15000, 165, 290, 0, 0, 0, 0),
(900223, 19083, 15000, 165, 290, 0, 0, 0, 0),
(900223, 19091, 15000, 165, 300, 0, 0, 0, 0),
(900223, 19092, 15000, 165, 300, 0, 0, 0, 0),
(900223, 19098, 15000, 165, 300, 0, 0, 0, 0),
(900223, 19102, 15000, 165, 300, 0, 0, 0, 0),
(900223, 19103, 15000, 165, 300, 0, 0, 0, 0),
(900223, 32454, 10000, 165, 300, 0, 0, 0, 0),
(900223, 32456, 15000, 165, 300, 0, 0, 0, 0),
(900223, 32462, 15000, 165, 300, 0, 0, 0, 0),
(900223, 32466, 15000, 165, 300, 0, 0, 0, 0),
(900223, 32470, 15000, 165, 300, 0, 0, 0, 0),
(900223, 32478, 15000, 165, 300, 0, 0, 0, 0),
(900223, 45100, 15000, 165, 300, 0, 0, 0, 0),
(900223, 24654, 50000, 165, 300, 0, 0, 0, 0),
(900223, 32463, 20000, 165, 310, 0, 0, 0, 0),
(900223, 32467, 20000, 165, 310, 0, 0, 0, 0),
(900223, 32479, 20000, 165, 310, 0, 0, 0, 0),
(900223, 32471, 20000, 165, 315, 0, 0, 0, 0),
(900223, 44343, 18000, 165, 315, 0, 0, 0, 0),
(900223, 44344, 18000, 165, 315, 0, 0, 0, 0),
(900223, 32464, 20000, 165, 320, 0, 0, 0, 0),
(900223, 32472, 20000, 165, 320, 0, 0, 0, 0),
(900223, 32480, 20000, 165, 320, 0, 0, 0, 0),
(900223, 32455, 20000, 165, 325, 0, 0, 0, 0),
(900223, 32468, 20000, 165, 325, 0, 0, 0, 0),
(900223, 36078, 20000, 165, 330, 0, 0, 0, 0),
(900223, 32473, 25000, 165, 330, 0, 0, 0, 0),
(900223, 32481, 25000, 165, 330, 0, 0, 0, 0),
(900223, 36077, 20000, 165, 330, 0, 0, 0, 0),
(900223, 36079, 40000, 165, 330, 0, 0, 0, 0),
(900223, 32465, 25000, 165, 335, 0, 0, 0, 0),
(900223, 32469, 25000, 165, 335, 0, 0, 0, 0),
(900223, 35540, 20000, 165, 340, 0, 0, 0, 0),
(900223, 44770, 50000, 165, 350, 0, 0, 0, 0),
(900223, 44970, 50000, 165, 350, 0, 0, 0, 0),
(900223, 50962, 50000, 165, 350, 0, 0, 0, 0),
(900223, 51301, 350000, 165, 350, 0, 0, 0, 65),
(900223, 64661, 50000, 165, 350, 0, 0, 0, 0),
(900223, 50939, 30000, 165, 370, 0, 0, 0, 0),
(900223, 50941, 30000, 165, 370, 0, 0, 0, 0),
(900223, 50944, 30000, 165, 370, 0, 0, 0, 0),
(900223, 50948, 30000, 165, 370, 0, 0, 0, 0),
(900223, 50951, 30000, 165, 370, 0, 0, 0, 0),
(900223, 50955, 30000, 165, 370, 0, 0, 0, 0),
(900223, 50957, 30000, 165, 370, 0, 0, 0, 0),
(900223, 50959, 30000, 165, 370, 0, 0, 0, 0),
(900223, 35585, 100000, 165, 375, 0, 0, 0, 0),
(900223, 35587, 100000, 165, 375, 0, 0, 0, 0),
(900223, 35588, 100000, 165, 375, 0, 0, 0, 0),
(900223, 50938, 30000, 165, 375, 0, 0, 0, 0),
(900223, 50942, 30000, 165, 375, 0, 0, 0, 0),
(900223, 50945, 30000, 165, 375, 0, 0, 0, 0),
(900223, 50947, 30000, 165, 375, 0, 0, 0, 0),
(900223, 50950, 30000, 165, 375, 0, 0, 0, 0),
(900223, 50952, 30000, 165, 375, 0, 0, 0, 0),
(900223, 50956, 30000, 165, 375, 0, 0, 0, 0),
(900223, 50961, 30000, 165, 375, 0, 0, 0, 0),
(900223, 35589, 100000, 165, 375, 0, 0, 0, 0),
(900223, 35590, 100000, 165, 375, 0, 0, 0, 0),
(900223, 35591, 100000, 165, 375, 0, 0, 0, 0),
(900223, 35575, 100000, 165, 375, 0, 0, 0, 0),
(900223, 35576, 100000, 165, 375, 0, 0, 0, 0),
(900223, 35577, 100000, 165, 375, 0, 0, 0, 0),
(900223, 35580, 100000, 165, 375, 0, 0, 0, 0),
(900223, 35582, 100000, 165, 375, 0, 0, 0, 0),
(900223, 35584, 100000, 165, 375, 0, 0, 0, 0),
(900223, 50940, 30000, 165, 380, 0, 0, 0, 0),
(900223, 50943, 30000, 165, 380, 0, 0, 0, 0),
(900223, 50946, 30000, 165, 380, 0, 0, 0, 0),
(900223, 50949, 30000, 165, 380, 0, 0, 0, 0),
(900223, 50953, 30000, 165, 380, 0, 0, 0, 0),
(900223, 50954, 30000, 165, 380, 0, 0, 0, 0),
(900223, 50958, 30000, 165, 380, 0, 0, 0, 0),
(900223, 50960, 30000, 165, 380, 0, 0, 0, 0),
(900223, 60631, 80000, 165, 380, 0, 0, 0, 0),
(900223, 51571, 30000, 165, 385, 0, 0, 0, 0),
(900223, 51572, 30000, 165, 385, 0, 0, 0, 0),
(900223, 60599, 30000, 165, 385, 0, 0, 0, 0),
(900223, 60600, 30000, 165, 385, 0, 0, 0, 0),
(900223, 60607, 30000, 165, 385, 0, 0, 0, 0),
(900223, 60608, 30000, 165, 385, 0, 0, 0, 0),
(900223, 60622, 30000, 165, 385, 0, 0, 0, 0),
(900223, 60624, 30000, 165, 385, 0, 0, 0, 0),
(900223, 50936, 80000, 165, 390, 0, 0, 0, 0),
(900223, 50963, 80000, 165, 395, 0, 0, 0, 0),
(900223, 51569, 80000, 165, 395, 0, 0, 0, 0),
(900223, 51570, 80000, 165, 395, 0, 0, 0, 0),
(900223, 55199, 80000, 165, 395, 0, 0, 0, 0),
(900223, 60601, 80000, 165, 395, 0, 0, 0, 0),
(900223, 60604, 80000, 165, 395, 0, 0, 0, 0),
(900223, 60611, 80000, 165, 395, 0, 0, 0, 0),
(900223, 60613, 80000, 165, 395, 0, 0, 0, 0),
(900223, 60627, 80000, 165, 395, 0, 0, 0, 0),
(900223, 60629, 80000, 165, 395, 0, 0, 0, 0),
(900223, 50966, 50000, 165, 400, 0, 0, 0, 0),
(900223, 51568, 100000, 165, 400, 0, 0, 0, 0),
(900223, 57683, 70000, 165, 400, 0, 0, 0, 0),
(900223, 57690, 70000, 165, 400, 0, 0, 0, 0),
(900223, 57691, 70000, 165, 400, 0, 0, 0, 0),
(900223, 60584, 50000, 165, 400, 0, 0, 0, 0),
(900223, 60605, 100000, 165, 400, 0, 0, 0, 0),
(900223, 60620, 100000, 165, 400, 0, 0, 0, 0),
(900223, 60630, 80000, 165, 400, 0, 0, 0, 0),
(900223, 50964, 50000, 165, 405, 0, 0, 0, 0),
(900223, 60583, 50000, 165, 405, 0, 0, 0, 0),
(900223, 60643, 50000, 165, 415, 0, 0, 0, 0),
(900223, 60651, 100000, 165, 420, 0, 0, 0, 0),
(900223, 60652, 100000, 165, 420, 0, 0, 0, 0),
(900223, 60658, 200000, 165, 420, 0, 0, 0, 0),
(900223, 60665, 100000, 165, 420, 0, 0, 0, 0),
(900223, 60666, 80000, 165, 420, 0, 0, 0, 0),
(900223, 60671, 100000, 165, 420, 0, 0, 0, 0),
(900223, 50965, 80000, 165, 425, 0, 0, 0, 0),
(900223, 50967, 80000, 165, 425, 0, 0, 0, 0),
(900223, 60649, 100000, 165, 425, 0, 0, 0, 0),
(900223, 60655, 200000, 165, 425, 0, 0, 0, 0),
(900223, 60660, 100000, 165, 425, 0, 0, 0, 0),
(900223, 60669, 100000, 165, 425, 0, 0, 0, 0),
(900223, 62448, 80000, 165, 425, 0, 0, 0, 0),
(900223, 60637, 200000, 165, 440, 0, 0, 0, 0),
(900223, 60640, 200000, 165, 440, 0, 0, 0, 0),
(900223, 69386, 200000, 165, 450, 0, 0, 0, 0),
(900223, 69388, 200000, 165, 450, 0, 0, 0, 0),
(900224, 2581, 10, 186, 0, 0, 0, 0, 1),
(900224, 2582, 500, 186, 50, 0, 0, 0, 1),
(900224, 2659, 200, 186, 65, 0, 0, 0, 0),
(900224, 3304, 50, 186, 65, 0, 0, 0, 0),
(900224, 2658, 200, 186, 75, 0, 0, 0, 0),
(900224, 3307, 500, 186, 125, 0, 0, 0, 0),
(900224, 3568, 5000, 186, 125, 0, 0, 0, 10),
(900224, 3308, 2500, 186, 155, 0, 0, 0, 0),
(900224, 3569, 2500, 186, 165, 0, 0, 0, 0),
(900224, 10097, 5000, 186, 175, 0, 0, 0, 0),
(900224, 10249, 50000, 186, 200, 0, 0, 0, 25),
(900224, 10098, 10000, 186, 230, 0, 0, 0, 0),
(900224, 16153, 20000, 186, 230, 0, 0, 0, 0),
(900224, 70524, 10000, 186, 250, 0, 0, 0, 0),
(900224, 29355, 100000, 186, 275, 0, 0, 0, 40),
(900224, 29356, 40000, 186, 300, 0, 0, 0, 0),
(900224, 35750, 10000, 186, 300, 0, 0, 0, 0),
(900224, 35751, 10000, 186, 300, 0, 0, 0, 0),
(900224, 29358, 40000, 186, 325, 0, 0, 0, 0),
(900224, 29359, 40000, 186, 350, 0, 0, 0, 0),
(900224, 29360, 40000, 186, 350, 0, 0, 0, 0),
(900224, 29361, 100000, 186, 350, 0, 0, 0, 0),
(900224, 49252, 100000, 186, 350, 0, 0, 0, 0),
(900224, 50309, 350000, 186, 350, 0, 0, 0, 55),
(900224, 29686, 100000, 186, 375, 0, 0, 0, 0),
(900224, 49258, 150000, 186, 400, 0, 0, 0, 0),
(900224, 55208, 200000, 186, 450, 0, 0, 0, 0),
(900224, 55211, 200000, 186, 450, 0, 0, 0, 0),
(900225, 8615, 10, 0, 0, 0, 0, 0, 1),
(900225, 8619, 500, 393, 50, 0, 0, 0, 1),
(900225, 8620, 5000, 393, 125, 0, 0, 0, 10),
(900225, 10769, 50000, 393, 200, 0, 0, 0, 25),
(900225, 32679, 100000, 393, 275, 0, 0, 0, 40),
(900225, 50307, 350000, 393, 350, 0, 0, 0, 55),
(900226, 3911, 10, 0, 0, 0, 0, 0, 5),
(900226, 2393, 25, 197, 1, 0, 0, 0, 0),
(900226, 2385, 50, 197, 10, 0, 0, 0, 0),
(900226, 8776, 50, 197, 15, 0, 0, 0, 0),
(900226, 12045, 50, 197, 20, 0, 0, 0, 0),
(900226, 3914, 50, 197, 30, 0, 0, 0, 0),
(900226, 7623, 50, 197, 30, 0, 0, 0, 0),
(900226, 7624, 50, 197, 30, 0, 0, 0, 0),
(900226, 3840, 100, 197, 35, 0, 0, 0, 0),
(900226, 2392, 50, 197, 40, 0, 0, 0, 0),
(900226, 2394, 50, 197, 40, 0, 0, 0, 0),
(900226, 8465, 50, 197, 40, 0, 0, 0, 0),
(900226, 3755, 100, 197, 45, 0, 0, 0, 0),
(900226, 3912, 500, 197, 50, 0, 0, 0, 10),
(900226, 2397, 200, 197, 60, 0, 0, 0, 0),
(900226, 3841, 200, 197, 60, 0, 0, 0, 0),
(900226, 2386, 200, 197, 65, 0, 0, 0, 0),
(900226, 2395, 300, 197, 70, 0, 0, 0, 0),
(900226, 2396, 200, 197, 70, 0, 0, 0, 0),
(900226, 3842, 300, 197, 70, 0, 0, 0, 0),
(900226, 2402, 250, 197, 75, 0, 0, 0, 0),
(900226, 2964, 100, 197, 75, 0, 0, 0, 0),
(900226, 12046, 300, 197, 75, 0, 0, 0, 0),
(900226, 3757, 200, 197, 80, 0, 0, 0, 0),
(900226, 3845, 300, 197, 80, 0, 0, 0, 0),
(900226, 2399, 300, 197, 85, 0, 0, 0, 0),
(900226, 3843, 400, 197, 85, 0, 0, 0, 0),
(900226, 6521, 400, 197, 90, 0, 0, 0, 0),
(900226, 2401, 300, 197, 95, 0, 0, 0, 0),
(900226, 2406, 200, 197, 100, 0, 0, 0, 0),
(900226, 3848, 500, 197, 110, 0, 0, 0, 0),
(900226, 3850, 500, 197, 110, 0, 0, 0, 0),
(900226, 3866, 250, 197, 110, 0, 0, 0, 0),
(900226, 8467, 250, 197, 110, 0, 0, 0, 0),
(900226, 3839, 500, 197, 125, 0, 0, 0, 0),
(900226, 3855, 750, 197, 125, 0, 0, 0, 0),
(900226, 3913, 5000, 197, 125, 0, 0, 0, 20),
(900226, 63742, 750, 197, 125, 0, 0, 0, 0),
(900226, 3852, 750, 197, 130, 0, 0, 0, 0),
(900226, 6690, 1000, 197, 135, 0, 0, 0, 0),
(900226, 8758, 600, 197, 140, 0, 0, 0, 0),
(900226, 8760, 600, 197, 145, 0, 0, 0, 0),
(900226, 3813, 800, 197, 150, 0, 0, 0, 0),
(900226, 3859, 750, 197, 150, 0, 0, 0, 0),
(900226, 8483, 500, 197, 160, 0, 0, 0, 0),
(900226, 8762, 750, 197, 160, 0, 0, 0, 0),
(900226, 3871, 500, 197, 170, 0, 0, 0, 0),
(900226, 8764, 900, 197, 170, 0, 0, 0, 0),
(900226, 3865, 1000, 197, 175, 0, 0, 0, 0),
(900226, 8489, 750, 197, 175, 0, 0, 0, 0),
(900226, 8766, 1000, 197, 175, 0, 0, 0, 0),
(900226, 8772, 1000, 197, 175, 0, 0, 0, 0),
(900226, 8774, 1000, 197, 180, 0, 0, 0, 0),
(900226, 3861, 1000, 197, 185, 0, 0, 0, 0),
(900226, 8791, 2500, 197, 185, 0, 0, 0, 0),
(900226, 8770, 1000, 197, 190, 0, 0, 0, 0),
(900226, 8799, 3000, 197, 195, 0, 0, 0, 0),
(900226, 12181, 50000, 197, 200, 0, 0, 0, 35),
(900226, 12048, 4000, 197, 205, 0, 0, 0, 0),
(900226, 12049, 4000, 197, 205, 0, 0, 0, 0),
(900226, 8804, 5000, 197, 210, 0, 0, 0, 0),
(900226, 12050, 4000, 197, 210, 0, 0, 0, 0),
(900226, 12053, 5000, 197, 215, 0, 0, 0, 0),
(900226, 12061, 2500, 197, 215, 0, 0, 0, 0),
(900226, 12065, 5000, 197, 225, 0, 0, 0, 0),
(900226, 12067, 5000, 197, 225, 0, 0, 0, 0),
(900226, 12069, 5000, 197, 225, 0, 0, 0, 0),
(900226, 12070, 5000, 197, 225, 0, 0, 0, 0),
(900226, 12072, 6000, 197, 230, 0, 0, 0, 0),
(900226, 12073, 6000, 197, 230, 0, 0, 0, 0),
(900226, 12074, 6000, 197, 230, 0, 0, 0, 0),
(900226, 12077, 5000, 197, 235, 0, 0, 0, 0),
(900226, 12079, 6500, 197, 235, 0, 0, 0, 0),
(900226, 12088, 7500, 197, 245, 0, 0, 0, 0),
(900226, 12092, 7500, 197, 250, 0, 0, 0, 0),
(900226, 18401, 10000, 197, 250, 0, 0, 0, 0),
(900226, 18402, 10000, 197, 255, 0, 0, 0, 0),
(900226, 18403, 10000, 197, 255, 0, 0, 0, 0),
(900226, 18406, 10000, 197, 260, 0, 0, 0, 0),
(900226, 18407, 10000, 197, 260, 0, 0, 0, 0),
(900226, 18409, 10000, 197, 265, 0, 0, 0, 0),
(900226, 18410, 10000, 197, 265, 0, 0, 0, 0),
(900226, 18411, 10000, 197, 265, 0, 0, 0, 0),
(900226, 18413, 10000, 197, 270, 0, 0, 0, 0),
(900226, 18414, 10000, 197, 270, 0, 0, 0, 0),
(900226, 18415, 10000, 197, 270, 0, 0, 0, 0),
(900226, 26791, 100000, 197, 275, 0, 0, 0, 50),
(900226, 18416, 12500, 197, 275, 0, 0, 0, 0),
(900226, 18417, 12500, 197, 275, 0, 0, 0, 0),
(900226, 18420, 12500, 197, 275, 0, 0, 0, 0),
(900226, 18421, 12500, 197, 275, 0, 0, 0, 0),
(900226, 18423, 15000, 197, 280, 0, 0, 0, 0),
(900226, 18424, 15000, 197, 280, 0, 0, 0, 0),
(900226, 18437, 15000, 197, 285, 0, 0, 0, 0),
(900226, 18438, 15000, 197, 285, 0, 0, 0, 0),
(900226, 18441, 15000, 197, 290, 0, 0, 0, 0),
(900226, 18442, 15000, 197, 290, 0, 0, 0, 0),
(900226, 18444, 15000, 197, 295, 0, 0, 0, 0),
(900226, 26745, 20000, 197, 300, 0, 0, 0, 0),
(900226, 31460, 20000, 197, 300, 0, 0, 0, 0),
(900226, 60969, 105000, 197, 300, 0, 0, 0, 0),
(900226, 18446, 15000, 197, 300, 0, 0, 0, 0),
(900226, 18449, 15000, 197, 300, 0, 0, 0, 0),
(900226, 18450, 15000, 197, 300, 0, 0, 0, 0),
(900226, 18451, 15000, 197, 300, 0, 0, 0, 0),
(900226, 18453, 15000, 197, 300, 0, 0, 0, 0),
(900226, 26764, 15000, 197, 310, 0, 0, 0, 0),
(900226, 26765, 15000, 197, 310, 0, 0, 0, 0),
(900226, 26746, 15000, 197, 315, 0, 0, 0, 0),
(900226, 26770, 20000, 197, 320, 0, 0, 0, 0),
(900226, 26771, 20000, 197, 325, 0, 0, 0, 0),
(900226, 26772, 20000, 197, 335, 0, 0, 0, 0),
(900226, 51308, 350000, 197, 350, 0, 0, 0, 65),
(900226, 55899, 50000, 197, 350, 0, 0, 0, 0),
(900226, 55902, 50000, 197, 350, 0, 0, 0, 0),
(900226, 56031, 50000, 197, 350, 0, 0, 0, 0),
(900226, 55898, 50000, 197, 360, 0, 0, 0, 0),
(900226, 55903, 50000, 197, 360, 0, 0, 0, 0),
(900226, 55904, 50000, 197, 360, 0, 0, 0, 0),
(900226, 55908, 50000, 197, 370, 0, 0, 0, 0),
(900226, 55906, 50000, 197, 375, 0, 0, 0, 0),
(900226, 55907, 50000, 197, 380, 0, 0, 0, 0),
(900226, 56030, 50000, 197, 380, 0, 0, 0, 0),
(900226, 55910, 80000, 197, 385, 0, 0, 0, 0),
(900226, 55913, 80000, 197, 385, 0, 0, 0, 0),
(900226, 55911, 80000, 197, 390, 0, 0, 0, 0),
(900226, 56014, 100000, 197, 390, 0, 0, 0, 0),
(900226, 55901, 50000, 197, 395, 0, 0, 0, 0),
(900226, 55914, 50000, 197, 395, 0, 0, 0, 0),
(900226, 55919, 100000, 197, 395, 0, 0, 0, 0),
(900226, 56015, 100000, 197, 395, 0, 0, 0, 0),
(900226, 55900, 125000, 197, 400, 0, 0, 0, 0),
(900226, 55920, 50000, 197, 400, 0, 0, 0, 0),
(900226, 55995, 50000, 197, 400, 0, 0, 0, 0),
(900226, 56000, 50000, 197, 400, 0, 0, 0, 0),
(900226, 56008, 100000, 197, 400, 0, 0, 0, 0),
(900226, 56010, 100000, 197, 400, 0, 0, 0, 0),
(900226, 64729, 100000, 197, 400, 0, 0, 0, 0),
(900226, 55921, 100000, 197, 405, 0, 0, 0, 0),
(900226, 55922, 100000, 197, 405, 0, 0, 0, 0),
(900226, 56034, 100000, 197, 405, 0, 0, 0, 0),
(900226, 56039, 100000, 197, 405, 0, 0, 0, 0),
(900226, 64730, 100000, 197, 405, 0, 0, 0, 0),
(900226, 55923, 100000, 197, 410, 0, 0, 0, 0),
(900226, 55924, 125000, 197, 410, 0, 0, 0, 0),
(900226, 56007, 80000, 197, 410, 0, 0, 0, 0),
(900226, 55925, 125000, 197, 415, 0, 0, 0, 0),
(900226, 55943, 125000, 197, 415, 0, 0, 0, 0),
(900226, 56001, 100000, 197, 415, 0, 0, 0, 0),
(900226, 56002, 100000, 197, 415, 0, 0, 0, 0),
(900226, 56003, 100000, 197, 415, 0, 0, 0, 0),
(900226, 59582, 100000, 197, 415, 0, 0, 0, 0),
(900226, 59583, 100000, 197, 415, 0, 0, 0, 0),
(900226, 55642, 125000, 197, 420, 0, 0, 0, 0),
(900226, 55769, 125000, 197, 420, 0, 0, 0, 0),
(900226, 55777, 125000, 197, 420, 0, 0, 0, 0),
(900226, 55941, 125000, 197, 420, 0, 0, 0, 0),
(900226, 56019, 100000, 197, 420, 0, 0, 0, 0),
(900226, 56020, 100000, 197, 420, 0, 0, 0, 0),
(900226, 56022, 100000, 197, 420, 0, 0, 0, 0),
(900226, 56023, 100000, 197, 420, 0, 0, 0, 0),
(900226, 59584, 100000, 197, 420, 0, 0, 0, 0),
(900226, 59585, 100000, 197, 420, 0, 0, 0, 0),
(900226, 59586, 100000, 197, 420, 0, 0, 0, 0),
(900226, 59587, 100000, 197, 420, 0, 0, 0, 0),
(900226, 59588, 120000, 197, 420, 0, 0, 0, 0),
(900226, 59589, 120000, 197, 420, 0, 0, 0, 0),
(900226, 60990, 180000, 197, 420, 0, 0, 0, 0),
(900226, 60994, 180000, 197, 420, 0, 0, 0, 0),
(900226, 56018, 100000, 197, 425, 0, 0, 0, 0),
(900226, 56021, 100000, 197, 425, 0, 0, 0, 0),
(900226, 60971, 150000, 197, 425, 0, 0, 0, 0),
(900226, 60993, 180000, 197, 425, 0, 0, 0, 0),
(900226, 56025, 200000, 197, 435, 0, 0, 0, 0),
(900226, 56027, 200000, 197, 435, 0, 0, 0, 0),
(900226, 56029, 200000, 197, 435, 0, 0, 0, 0),
(900226, 56024, 200000, 197, 440, 0, 0, 0, 0),
(900226, 56026, 200000, 197, 440, 0, 0, 0, 0),
(900226, 56028, 200000, 197, 440, 0, 0, 0, 0);

-- Free training at every premium profession trainer. The MoneyCost values
-- above are kept as the real, verbatim per-spell costs (in case the real
-- costs are ever wanted again - just delete this UPDATE) rather than
-- zeroed inline, since this UPDATE only ever touches our own 14 TrainerIds
-- (900213-900226) - confirmed via Trainer.cpp's TeachSpell, MoneyCost is
-- looked up per-TrainerId/SpellId pair with no cross-trainer sharing, so
-- this can never discount or zero any real trainer's cost.
UPDATE `trainer_spell` SET `MoneyCost` = 0 WHERE `TrainerId` BETWEEN 900213 AND 900226;
